Window index,Dataset code,Time index,Year,Month,Day,Hour,Minute,Day of year,Minute of day,Time resolution_min,Load power_MW,Wind power_MW,PV power_MW,Hydropower output_MW,Pumped-storage generation_MW,Pumped-storage pumping_MW,Stored energy_MWh,Net load_MW,Curtailment_MW,Total supply_MW,Power deficit_MW,Power surplus_MW,Total supply with slack_MW,Power-balance error_MW,Power-deficit flag,TOU season code,General TOU period code,General TOU relative-price index,General TOU tariff_CNY_per_MWh,Yalong River proxy TOU period code,Yalong River proxy relative-price index,Yalong River proxy tariff_CNY_per_MWh,Tariff-policy applicability code
3,3,985,2025,2,11,0,0,42,0,60,13206.81765000,455.78191242,-603.82100104,4206.07562386,20.82766101,-88.53716308,708.44424954,6628.46822365,0.00000000,11649.31435101,20.79822282,0.00000000,6232.20165661,0.00000000,1,1,1,0.40000000,180.00000000,1,0.40000000,180.00000000,1
3,3,986,2025,2,11,1,0,42,60,60,6776.10249789,594.44868273,-228.43360674,14908.19736607,-18.48666204,103.68578810,919.28823313,12308.19002233,0.00000000,7978.66487609,-1.71454882,0.00000000,5811.21065731,0.00000000,1,1,1,0.40000000,180.00000000,1,0.40000000,180.00000000,1
3,3,987,2025,2,11,2,0,42,120,60,8687.51569817,230.47950789,-388.06784664,4484.30626503,-17.48729946,126.14943535,707.17174109,9631.13036147,0.00000000,3608.05154913,31.80888365,0.00000000,11775.02952805,0.00000000,1,1,1,0.40000000,180.00000000,1,0.40000000,180.00000000,1
3,3,988,2025,2,11,3,0,42,180,60,5125.04297453,529.64813017,88.38973441,6107.23733582,-112.32400290,45.81223993,1046.91086110,10994.72846786,0.00000000,12657.62083373,5.19327870,0.00000000,8272.53156669,0.00000000,1,1,1,0.40000000,180.00000000,1,0.40000000,180.00000000,1
3,3,989,2025,2,11,4,0,42,240,60,6596.35255918,168.53690024,-548.02298376,11148.16671265,24.89905813,-132.24569158,651.99615697,9179.10499782,0.00000000,13850.26696705,-15.16353474,0.00000000,8054.65506495,0.00000000,1,1,1,0.40000000,180.00000000,1,0.40000000,180.00000000,1
3,3,990,2025,2,11,5,0,42,300,60,10363.90164220,307.42532059,-140.55621047,9737.88482528,-87.84235283,47.66780888,262.94058129,10426.11513395,0.00000000,7531.23152716,-9.70184676,0.00000000,5938.24712745,0.00000000,1,1,1,0.40000000,180.00000000,1,0.40000000,180.00000000,1
3,3,991,2025,2,11,6,0,42,360,60,9008.49241739,447.08461053,140.35809226,11009.06518555,121.42191493,16.25114868,1374.07761625,8773.22075439,0.00000000,14164.69182772,6.71543123,0.00000000,11741.67078357,0.00000000,1,1,1,0.40000000,180.00000000,1,0.40000000,180.00000000,1
3,3,992,2025,2,11,7,0,42,420,60,8067.00249238,401.22119863,368.00307362,8121.11228684,-53.89072938,-160.46248238,258.13668968,10105.10682711,0.00000000,4835.62144307,90.77341149,0.00000000,13226.48997466,0.00000000,1,1,1,0.40000000,180.00000000,1,0.40000000,180.00000000,1
3,3,993,2025,2,11,8,0,42,480,60,10709.50278495,560.86353019,292.75498443,10584.40593184,-105.85506807,10.03745364,1186.82206915,4116.89390953,0.00000000,4731.55085231,-56.80490412,0.00000000,9488.90122261,0.00000000,1,1,2,1.00000000,450.00000000,2,1.00000000,450.00000000,1
3,3,994,2025,2,11,9,0,42,540,60,8330.66688807,544.89481413,888.56866004,9366.37728542,-60.67222055,183.91261247,946.68649228,2838.49512234,0.00000000,8982.84188085,-6.70001685,0.00000000,8317.05610032,0.00000000,1,1,2,1.00000000,450.00000000,2,1.00000000,450.00000000,1
3,3,995,2025,2,11,10,0,42,600,60,10161.42352543,408.40348038,1563.37516909,7166.38032709,-45.68828749,-172.65816093,1258.57912167,11046.26725830,0.00000000,10585.12798033,-15.39919045,0.00000000,8736.25029767,0.00000000,1,1,3,1.60000000,720.00000000,3,1.60000000,720.00000000,1
3,3,996,2025,2,11,11,0,42,660,60,5897.83846489,582.80000401,1775.03306316,10324.39573430,-107.55767576,676.01941534,1567.19004422,9431.77084126,0.00000000,12870.99250182,-49.81148726,0.00000000,6029.12055759,0.00000000,1,1,3,1.60000000,720.00000000,3,1.60000000,720.00000000,1
3,3,997,2025,2,11,12,0,42,720,60,15455.71089311,320.23927405,1725.84412610,8838.52337716,-77.86531733,755.69195670,1288.35241738,2078.03036516,0.00000000,11485.63008011,-23.57060708,0.00000000,9443.32492603,0.00000000,1,1,2,1.00000000,450.00000000,2,1.00000000,450.00000000,1
3,3,998,2025,2,11,13,0,42,780,60,12104.67663243,519.04432564,1099.80981714,5603.17654047,72.52551862,654.69994549,2925.83868754,9940.87768915,0.00000000,12623.88561072,-0.46359559,0.00000000,7902.23457584,0.00000000,1,1,2,1.00000000,450.00000000,2,1.00000000,450.00000000,1
3,3,999,2025,2,11,14,0,42,840,60,4025.67406063,300.52931660,1879.44503470,9281.16166826,76.96364673,670.82063492,2542.48416750,9130.96994670,0.00000000,9060.35930939,-2.26766429,0.00000000,12047.29529091,0.00000000,1,1,2,1.00000000,450.00000000,2,1.00000000,450.00000000,1
3,3,1000,2025,2,11,15,0,42,900,60,12578.39457265,358.54888995,1508.17878392,8667.53116669,-65.82755868,517.72427909,2670.56368702,6068.37748718,0.00000000,10898.67371269,-5.66207440,0.00000000,6883.65819303,0.00000000,1,1,2,1.00000000,450.00000000,2,1.00000000,450.00000000,1
3,3,1001,2025,2,11,16,0,42,960,60,6584.10898880,304.26408413,361.60010393,6602.88320992,154.15869690,-103.96936636,2705.70564022,11912.14644266,0.00000000,8888.65618812,18.61708203,0.00000000,5062.15927371,0.00000000,1,1,3,1.60000000,720.00000000,3,1.60000000,720.00000000,1
3,3,1002,2025,2,11,17,0,42,1020,60,11293.84110897,130.28686436,194.00953940,10256.85460603,251.67226277,-133.42187544,2213.83465706,7557.32305116,0.00000000,10633.51078850,-11.27604744,0.00000000,8618.63057721,0.00000000,1,1,3,1.60000000,720.00000000,3,1.60000000,720.00000000,1
3,3,1003,2025,2,11,18,0,42,1080,60,11131.70390915,372.87768305,-224.86534343,8354.79263382,178.99783799,-46.30860792,4196.27219452,11296.73310423,0.00000000,10937.27751477,53.65294850,0.00000000,9916.96151650,0.00000000,2,1,3,1.60000000,720.00000000,3,1.60000000,720.00000000,1
3,3,1004,2025,2,11,19,0,42,1140,60,10295.76596807,348.23396029,431.58813954,7036.57785807,1359.07468441,-154.39291592,1076.38621823,6563.27638145,0.00000000,6174.71135917,2.07583927,0.00000000,8415.99128191,0.00000000,1,1,3,1.60000000,720.00000000,3,1.60000000,720.00000000,1
3,3,1005,2025,2,11,20,0,42,1200,60,12213.66268797,96.30163159,-20.46947967,6225.89216764,1069.75363922,-80.60286152,337.40754134,8640.63293398,0.00000000,5586.76575305,-25.46241970,0.00000000,7142.84218381,0.00000000,1,1,3,1.60000000,720.00000000,3,1.60000000,720.00000000,1
3,3,1006,2025,2,11,21,0,42,1260,60,13020.26205792,86.42597275,415.29371817,7008.33962228,127.89222292,207.16054179,357.36030394,5742.85273491,0.00000000,10649.90983770,299.74226464,0.00000000,9430.37283748,0.00000000,2,1,3,1.60000000,720.00000000,3,1.60000000,720.00000000,1
3,3,1007,2025,2,11,22,0,42,1320,60,11024.76529151,314.50301669,278.01983815,12264.89521921,182.45973280,-21.63018837,35.46322112,12569.23739789,0.00000000,7783.52464879,100.26394082,0.00000000,12233.80033973,0.00000000,2,1,2,1.00000000,450.00000000,2,1.00000000,450.00000000,1
3,3,1008,2025,2,11,23,0,42,1380,60,7435.29518946,280.09665314,-267.80471580,10915.42813568,-122.17968809,153.28248570,1097.79861851,6246.61058662,0.00000000,8932.27794915,-25.20867067,0.00000000,14564.60694926,0.00000000,1,1,2,1.00000000,450.00000000,2,1.00000000,450.00000000,1
3,3,1009,2025,2,12,0,0,43,0,60,11812.22070543,573.62514193,274.39021507,13160.20547960,-46.78165998,65.36654132,-362.94668578,4510.65030720,0.00000000,10602.54675661,-5.17618314,0.00000000,9518.59372136,0.00000000,1,1,1,0.40000000,180.00000000,1,0.40000000,180.00000000,1
3,3,1010,2025,2,12,1,0,43,60,60,9281.80600973,445.93613085,216.31171027,9698.39392286,-160.81671632,38.90889790,479.61467169,8588.31095663,0.00000000,5867.40934215,21.15264481,0.00000000,9328.05741339,0.00000000,1,1,1,0.40000000,180.00000000,1,0.40000000,180.00000000,1
3,3,1011,2025,2,12,2,0,43,120,60,4706.64949168,448.60991536,64.22989411,11445.33925198,-25.33454409,-35.05623880,-145.40448279,8416.21308192,0.00000000,9014.25069842,-1.67461750,0.00000000,2889.03441858,0.00000000,1,1,1,0.40000000,180.00000000,1,0.40000000,180.00000000,1
3,3,1012,2025,2,12,3,0,43,180,60,5327.84566980,443.59244352,11.59667240,8110.48053765,128.21886015,-213.38323373,1599.87392801,7637.37474428,0.00000000,13237.49389531,-16.51644319,0.00000000,12897.61287925,0.00000000,1,1,1,0.40000000,180.00000000,1,0.40000000,180.00000000,1
3,3,1013,2025,2,12,4,0,43,240,60,9645.71025625,421.98869784,156.05515017,13453.13252228,50.19676274,105.27758408,279.67145007,8402.99648821,0.00000000,10745.79345080,34.02696641,0.00000000,12120.30276183,0.00000000,1,1,1,0.40000000,180.00000000,1,0.40000000,180.00000000,1
3,3,1014,2025,2,12,5,0,43,300,60,9342.39124269,431.00228705,624.38320031,7981.95477691,-166.08138903,28.64375861,497.45080835,1860.68584744,0.00000000,9614.24544201,-43.08402517,0.00000000,15364.15738095,0.00000000,1,1,1,0.40000000,180.00000000,1,0.40000000,180.00000000,1
3,3,1015,2025,2,12,6,0,43,360,60,19098.56371305,530.47981109,301.36129855,13716.33887315,10.20581607,-96.42472280,529.71563701,5375.44973437,0.00000000,8798.88089584,-24.82552561,0.00000000,13005.18151575,0.00000000,1,1,1,0.40000000,180.00000000,1,0.40000000,180.00000000,1
3,3,1016,2025,2,12,7,0,43,420,60,14694.14924545,405.28924885,-191.76557315,4819.32399225,-98.56651569,49.59828660,1139.20467005,10665.37662403,0.00000000,12982.97611626,9.79967324,0.00000000,10716.56311625,0.00000000,1,1,1,0.40000000,180.00000000,1,0.40000000,180.00000000,1
3,3,1017,2025,2,12,8,0,43,480,60,11680.45569125,534.45339461,290.16750579,12377.91615444,-41.77378594,109.99097124,447.31894696,10774.84367548,0.00000000,10833.86820315,79.08680013,0.00000000,4255.36413174,0.00000000,1,1,2,1.00000000,450.00000000,2,1.00000000,450.00000000,1
3,3,1018,2025,2,12,9,0,43,540,60,13855.93008815,474.58652984,886.79817474,10358.19635375,21.31325227,33.79683659,1114.21305625,9154.48158091,0.00000000,11993.90247031,-36.56313820,0.00000000,9811.19005215,0.00000000,1,1,2,1.00000000,450.00000000,2,1.00000000,450.00000000,1
3,3,1019,2025,2,12,10,0,43,600,60,9921.84109155,221.71002619,610.17689096,10571.58965731,94.98445684,-92.68998051,466.78297634,11363.17088723,0.00000000,13469.41667742,-7.40261372,0.00000000,10587.60267714,0.00000000,1,1,3,1.60000000,720.00000000,3,1.60000000,720.00000000,1
3,3,1020,2025,2,12,11,0,43,660,60,13737.93022634,644.54991546,1083.42129838,9667.96583854,69.13477491,637.22556199,971.08066770,8721.72025528,0.00000000,12341.39155703,12.51751830,0.00000000,19911.54537659,0.00000000,1,1,3,1.60000000,720.00000000,3,1.60000000,720.00000000,1
3,3,1021,2025,2,12,12,0,43,720,60,14171.38652228,542.81747459,1854.27038477,5893.54529218,45.94575250,691.63449262,2201.67693653,6444.48173242,0.00000000,15923.68319183,73.29369546,0.00000000,10390.15394334,0.00000000,1,1,2,1.00000000,450.00000000,2,1.00000000,450.00000000,1
3,3,1022,2025,2,12,13,0,43,780,60,5967.92008953,498.34787395,2070.39139778,13525.31952961,73.68337044,616.31718192,2274.43597796,11888.85751256,0.00000000,7748.26866342,-81.12552899,0.00000000,12256.93502683,0.00000000,1,1,2,1.00000000,450.00000000,2,1.00000000,450.00000000,1
3,3,1023,2025,2,12,14,0,43,840,60,5111.86541181,382.32119238,1415.22844494,7454.04894069,-72.79459134,645.33180910,3152.80891486,4467.68195780,0.00000000,6103.83855880,3.95762840,0.00000000,10443.59402709,0.00000000,1,1,2,1.00000000,450.00000000,2,1.00000000,450.00000000,1
3,3,1024,2025,2,12,15,0,43,900,60,9795.29012535,412.55554276,723.38677590,8537.59344576,-78.79285615,414.22445695,3360.05973683,10502.55613187,0.00000000,11527.37653043,-20.56205468,0.00000000,6189.29232521,0.00000000,1,1,2,1.00000000,450.00000000,2,1.00000000,450.00000000,1
3,3,1025,2025,2,12,16,0,43,960,60,7800.50554854,306.05941225,450.86316066,9949.28684400,-151.83332124,-111.14304910,2760.27129003,6655.89856880,0.00000000,9719.80412613,-52.07527785,0.00000000,7501.03264939,0.00000000,1,1,3,1.60000000,720.00000000,3,1.60000000,720.00000000,1
3,3,1026,2025,2,12,17,0,43,1020,60,8153.15043905,318.98274239,-261.02430316,7720.89257892,-63.22051669,-91.59287500,3335.24008941,8538.77847823,0.00000000,10525.09750101,43.75550570,0.00000000,10665.62906087,0.00000000,1,1,3,1.60000000,720.00000000,3,1.60000000,720.00000000,1
3,3,1027,2025,2,12,18,0,43,1080,60,7737.81579963,-160.46902480,-441.69432713,5916.43206905,-84.76915365,151.83906574,3228.28005924,6804.86415505,0.00000000,10442.97783355,-0.92931898,0.00000000,13203.25460220,0.00000000,1,1,3,1.60000000,720.00000000,3,1.60000000,720.00000000,1
3,3,1028,2025,2,12,19,0,43,1140,60,20793.34587448,363.77650172,-325.21423957,7103.89123585,1102.80421078,-48.68590465,1573.00465091,10193.65077116,0.00000000,9124.37493691,-78.53468249,0.00000000,15990.33598174,0.00000000,1,1,3,1.60000000,720.00000000,3,1.60000000,720.00000000,1
3,3,1029,2025,2,12,20,0,43,1200,60,10101.52199990,58.03279083,-83.42549157,8468.46536310,1104.94587047,210.59263284,637.91810266,8215.77413975,0.00000000,14299.55945016,-84.57142225,0.00000000,13535.59474644,0.00000000,1,1,3,1.60000000,720.00000000,3,1.60000000,720.00000000,1
3,3,1030,2025,2,12,21,0,43,1260,60,7997.99722414,416.71808462,245.59019836,7043.48597710,-2.14064593,176.56464912,313.43278438,9685.01024460,0.00000000,15391.93962264,260.87062974,0.00000000,11151.87882635,0.00000000,2,1,3,1.60000000,720.00000000,3,1.60000000,720.00000000,1
3,3,1031,2025,2,12,22,0,43,1320,60,10808.21382660,243.03548652,52.15444560,11550.09268022,-129.10652599,56.30729566,1394.48437703,5036.61931458,0.00000000,10685.78270303,23.18769839,0.00000000,5794.93043333,0.00000000,2,1,2,1.00000000,450.00000000,2,1.00000000,450.00000000,1
3,3,1032,2025,2,12,23,0,43,1380,60,11877.64794090,209.61408506,318.35735649,7360.30549980,74.64537728,101.43008841,1977.72051137,8420.51977746,0.00000000,10860.51106975,42.03970966,0.00000000,8200.21999681,0.00000000,1,1,2,1.00000000,450.00000000,2,1.00000000,450.00000000,1
3,3,1033,2025,2,13,0,0,44,0,60,7288.50106005,302.19096478,-17.84685868,10984.70142919,63.20018607,-76.56409021,580.34757431,8039.32555562,0.00000000,11675.44904443,-10.47506339,0.00000000,13923.54148193,0.00000000,1,1,1,0.40000000,180.00000000,1,0.40000000,180.00000000,1
3,3,1034,2025,2,13,1,0,44,60,60,4244.49810711,615.04043683,-82.42701285,7372.04878462,9.19492482,-95.71116687,508.84343869,9423.03705779,0.00000000,10848.30456337,-32.11345306,0.00000000,12018.01008256,0.00000000,1,1,1,0.40000000,180.00000000,1,0.40000000,180.00000000,1
3,3,1035,2025,2,13,2,0,44,120,60,14650.87094817,333.25892989,36.09286453,10955.21882314,-142.22729042,130.00487940,1378.21335143,11148.05983932,0.00000000,5850.95160244,24.78072185,0.00000000,9931.48436266,0.00000000,1,1,1,0.40000000,180.00000000,1,0.40000000,180.00000000,1
3,3,1036,2025,2,13,3,0,44,180,60,7039.24116930,560.28194485,302.05448649,10151.63796244,90.25850874,146.22728115,-204.54399502,4690.02413184,0.00000000,7455.89614191,-23.88798859,0.00000000,7023.95242567,0.00000000,1,1,1,0.40000000,180.00000000,1,0.40000000,180.00000000,1
3,3,1037,2025,2,13,4,0,44,240,60,10399.12485251,678.57487193,182.80670586,10621.38795829,-112.90523003,-91.80946350,1576.47939262,5532.25869770,0.00000000,12768.52652431,-28.95076769,0.00000000,12397.54445256,0.00000000,1,1,1,0.40000000,180.00000000,1,0.40000000,180.00000000,1
3,3,1038,2025,2,13,5,0,44,300,60,8414.14570800,479.24854039,-98.47316200,10215.47867439,-236.67012975,-203.74867241,1076.98294625,8227.56862162,0.00000000,5751.11597628,43.09819030,0.00000000,14921.55339621,0.00000000,1,1,1,0.40000000,180.00000000,1,0.40000000,180.00000000,1
3,3,1039,2025,2,13,6,0,44,360,60,13019.89602251,360.90061266,-11.72339812,7259.82980570,145.49090419,-167.26086124,760.13373116,16028.60165335,0.00000000,5870.15673866,7.82440785,0.00000000,7308.77916320,0.00000000,1,1,1,0.40000000,180.00000000,1,0.40000000,180.00000000,1
3,3,1040,2025,2,13,7,0,44,420,60,10391.90407722,505.66282442,-204.66922257,13185.52157195,-68.76081235,-40.10284677,1091.64880829,3680.29831081,0.00000000,14999.04539696,38.82382032,0.00000000,12821.30012382,0.00000000,1,1,1,0.40000000,180.00000000,1,0.40000000,180.00000000,1
3,3,1041,2025,2,13,8,0,44,480,60,6867.75850269,415.94099585,-117.47225542,6860.14431643,93.93073802,76.38598946,271.97732721,9157.57399915,0.00000000,12167.19514067,-22.62939828,0.00000000,9591.87734774,0.00000000,1,1,2,1.00000000,450.00000000,2,1.00000000,450.00000000,1
3,3,1042,2025,2,13,9,0,44,540,60,13902.06205896,664.56389538,384.87345755,11051.79481390,124.39332722,-108.36911720,1137.70317934,9598.34596241,0.00000000,10259.03412085,25.20037395,0.00000000,7840.28914186,0.00000000,1,1,2,1.00000000,450.00000000,2,1.00000000,450.00000000,1
3,3,1043,2025,2,13,10,0,44,600,60,14749.27620982,514.84019619,1430.13521496,7838.18820731,40.18509257,-170.20609649,-254.61672250,11615.98562283,0.00000000,9900.00739223,31.01577808,0.00000000,10217.32379273,0.00000000,1,1,3,1.60000000,720.00000000,3,1.60000000,720.00000000,1
3,3,1044,2025,2,13,11,0,44,660,60,12962.97050146,454.66391797,1030.95885823,10215.84645453,38.46796363,492.03130733,1164.89531784,10766.37954366,0.00000000,11457.22584319,-2.61242439,0.00000000,10718.69674489,0.00000000,1,1,3,1.60000000,720.00000000,3,1.60000000,720.00000000,1
3,3,1045,2025,2,13,12,0,44,720,60,11668.25492862,616.76347532,1679.27599723,12436.89193079,-18.89813793,655.46343544,2174.41060768,3209.71192631,0.00000000,11668.82611948,15.51021796,0.00000000,12081.42157720,0.00000000,1,1,2,1.00000000,450.00000000,2,1.00000000,450.00000000,1
3,3,1046,2025,2,13,13,0,44,780,60,17310.18719477,492.68640215,2124.84282743,4726.38350278,29.52985727,722.77551410,1801.08333235,7540.62888730,0.00000000,8813.11228976,26.06786107,0.00000000,10173.43673356,0.00000000,1,1,2,1.00000000,450.00000000,2,1.00000000,450.00000000,1
3,3,1047,2025,2,13,14,0,44,840,60,10633.48498397,463.89479088,1254.80619285,3302.70897747,-84.35514764,523.86832248,3368.01685876,8909.93155304,0.00000000,9735.48714853,11.79435462,0.00000000,4482.38226496,0.00000000,1,1,2,1.00000000,450.00000000,2,1.00000000,450.00000000,1
3,3,1048,2025,2,13,15,0,44,900,60,8016.28991619,520.56852258,559.52741227,6676.18028923,-3.66590323,440.16674141,3099.48812153,9617.75763021,0.00000000,9114.09359389,-28.34443112,0.00000000,13396.45456276,0.00000000,1,1,2,1.00000000,450.00000000,2,1.00000000,450.00000000,1
3,3,1049,2025,2,13,16,0,44,960,60,7388.77933043,460.14635590,625.21402248,9266.78378143,-182.60693479,-20.44364209,2803.92728350,12078.09231249,0.00000000,11146.08651391,32.91514743,0.00000000,6291.92489593,0.00000000,1,1,3,1.60000000,720.00000000,3,1.60000000,720.00000000,1
3,3,1050,2025,2,13,17,0,44,1020,60,8510.99744352,532.22894065,564.01399520,7436.24543444,171.50709191,52.78578042,3257.47806902,9664.64116153,0.00000000,10912.06996923,-1.08273393,0.00000000,12205.38066851,0.00000000,1,1,3,1.60000000,720.00000000,3,1.60000000,720.00000000,1
3,3,1051,2025,2,13,18,0,44,1080,60,8994.87368949,436.62701060,73.88455923,10492.01314159,-102.48581534,-36.31720009,2140.53263131,9579.78106414,0.00000000,18073.62478278,-28.11845909,0.00000000,2042.97230249,0.00000000,1,1,3,1.60000000,720.00000000,3,1.60000000,720.00000000,1
3,3,1052,2025,2,13,19,0,44,1140,60,7691.41585390,321.22485480,-206.50999578,15205.37784748,1099.41539995,2.28387964,1940.67678100,10647.72784717,0.00000000,13102.94270051,24.37404179,0.00000000,12757.84097117,0.00000000,1,1,3,1.60000000,720.00000000,3,1.60000000,720.00000000,1
3,3,1053,2025,2,13,20,0,44,1200,60,13184.34711717,563.05936137,153.90825583,11160.42906254,1222.03486765,52.38584312,1426.64056121,5167.87361370,0.00000000,12558.67581364,-8.82833292,0.00000000,6554.89757082,0.00000000,1,1,3,1.60000000,720.00000000,3,1.60000000,720.00000000,1
3,3,1054,2025,2,13,21,0,44,1260,60,8131.49761124,277.08783347,210.91336896,11436.21046103,-165.60711051,64.68393118,-212.19803371,13746.00586815,0.00000000,6458.77796816,128.58871994,0.00000000,12831.21977233,0.00000000,2,1,3,1.60000000,720.00000000,3,1.60000000,720.00000000,1
3,3,1055,2025,2,13,22,0,44,1320,60,7474.14274238,353.76098848,-207.99668843,12402.54948238,-0.30402859,99.11754611,-50.28412037,6109.73172513,0.00000000,11047.85950783,-34.28462843,0.00000000,13416.90101488,0.00000000,1,1,2,1.00000000,450.00000000,2,1.00000000,450.00000000,1
3,3,1056,2025,2,13,23,0,44,1380,60,10510.06773100,226.41759098,460.02833505,13254.45076173,-252.00246026,74.62741942,967.02761885,7502.44094111,0.00000000,13851.52171411,45.29836184,0.00000000,9287.93522560,0.00000000,1,1,2,1.00000000,450.00000000,2,1.00000000,450.00000000,1
3,3,1057,2025,2,14,0,0,45,0,60,13962.13210488,720.55232870,98.11343165,10905.57918882,239.62346176,-8.64017099,1114.94346998,8289.89090867,0.00000000,13942.61554535,-3.29374400,0.00000000,6257.08258892,0.00000000,1,1,1,0.40000000,180.00000000,1,0.40000000,180.00000000,1
3,3,1058,2025,2,14,1,0,45,60,60,9111.60878493,464.44727317,-210.02194338,6564.68337217,-66.57019915,91.76165221,794.11028328,8271.24901489,0.00000000,12120.51603224,28.98035553,0.00000000,8783.01628235,0.00000000,1,1,1,0.40000000,180.00000000,1,0.40000000,180.00000000,1
3,3,1059,2025,2,14,2,0,45,120,60,7098.72092881,727.05175876,440.29810220,10007.53023288,-79.68078327,109.55454491,1077.30316561,11637.19148388,0.00000000,3980.57610858,-68.06670939,0.00000000,2694.38043185,0.00000000,1,1,1,0.40000000,180.00000000,1,0.40000000,180.00000000,1
3,3,1060,2025,2,14,3,0,45,180,60,1488.05577836,385.57571849,-340.59761388,8036.63754167,-37.46829530,201.42485173,881.03760967,4750.63920377,0.00000000,8949.98671785,25.80416145,0.00000000,8530.44771395,0.00000000,1,1,1,0.40000000,180.00000000,1,0.40000000,180.00000000,1
3,3,1061,2025,2,14,4,0,45,240,60,5655.02226931,658.50205593,-202.34454675,10053.06182793,-28.76556652,96.56715509,72.89738556,2916.30091460,0.00000000,12584.70147139,30.46863936,0.00000000,9439.00316099,0.00000000,1,1,1,0.40000000,180.00000000,1,0.40000000,180.00000000,1
3,3,1062,2025,2,14,5,0,45,300,60,11519.66983710,582.24833958,-238.96748537,6705.33288298,-12.92299677,-166.82620599,-1161.52570286,7327.70304501,0.00000000,6253.63423690,-35.80628127,0.00000000,7040.34323394,0.00000000,1,1,1,0.40000000,180.00000000,1,0.40000000,180.00000000,1
3,3,1063,2025,2,14,6,0,45,360,60,5470.03676073,494.50388624,-134.43791098,6642.70931761,-106.83630293,104.76068385,-226.72234150,5246.38342345,0.00000000,14012.17539044,-16.31025330,0.00000000,6812.66582511,0.00000000,1,1,1,0.40000000,180.00000000,1,0.40000000,180.00000000,1
3,3,1064,2025,2,14,7,0,45,420,60,8391.47048542,235.55955055,674.59997102,8960.81766635,-28.04216864,-54.93128273,121.96188597,7711.84351397,0.00000000,7141.89153728,-9.46712394,0.00000000,11202.95143830,0.00000000,1,1,1,0.40000000,180.00000000,1,0.40000000,180.00000000,1
3,3,1065,2025,2,14,8,0,45,480,60,9666.85079652,527.62185603,157.72160937,4186.24427029,-225.35864319,25.39227501,590.74534680,9184.60613981,0.00000000,13987.64159312,28.77294317,0.00000000,10732.62538504,0.00000000,1,1,2,1.00000000,450.00000000,2,1.00000000,450.00000000,1
3,3,1066,2025,2,14,9,0,45,540,60,7734.28017817,520.31940867,1366.21107364,8817.14817302,33.03126094,0.50951692,-540.29576372,9740.59921189,0.00000000,6858.71263499,-35.84873392,0.00000000,4806.07836430,0.00000000,1,1,2,1.00000000,450.00000000,2,1.00000000,450.00000000,1
3,3,1067,2025,2,14,10,0,45,600,60,8169.54197172,517.16671147,992.82828137,6336.59823032,181.25700979,-99.50487103,873.23744394,9601.40152411,0.00000000,8978.32065509,40.89657034,0.00000000,10562.08617165,0.00000000,1,1,3,1.60000000,720.00000000,3,1.60000000,720.00000000,1
3,3,1068,2025,2,14,11,0,45,660,60,8106.06497633,492.00541764,981.44724588,7130.23288508,-63.15103550,731.81503137,375.22581096,7378.31261399,0.00000000,13572.69198976,6.41383490,0.00000000,10482.04073053,0.00000000,1,1,3,1.60000000,720.00000000,3,1.60000000,720.00000000,1
3,3,1069,2025,2,14,12,0,45,720,60,15177.26265569,681.47821605,1588.57048386,11538.96314159,-89.41183650,537.38118061,623.12456015,4683.28181776,0.00000000,13092.99422905,-37.54316023,0.00000000,11391.59505131,0.00000000,1,1,2,1.00000000,450.00000000,2,1.00000000,450.00000000,1
3,3,1070,2025,2,14,13,0,45,780,60,12537.22635868,539.66025680,1085.14608592,6066.05038533,6.40746984,597.11541408,1819.19952351,9149.38925957,0.00000000,7231.89015600,25.05089974,0.00000000,8008.57751938,0.00000000,1,1,2,1.00000000,450.00000000,2,1.00000000,450.00000000,1
3,3,1071,2025,2,14,14,0,45,840,60,9954.72026464,460.13094820,1501.64077420,7614.22045030,-32.15567576,620.32793023,2881.82362400,11320.82466761,0.00000000,12232.95632845,-26.02038803,0.00000000,8522.56378916,0.00000000,1,1,2,1.00000000,450.00000000,2,1.00000000,450.00000000,1
3,3,1072,2025,2,14,15,0,45,900,60,5777.40417750,520.76507990,534.16407757,12532.76384089,-13.60556160,429.38153462,4037.92098388,9834.14095935,0.00000000,10894.40098249,-13.06411503,0.00000000,13441.66130900,0.00000000,1,1,2,1.00000000,450.00000000,2,1.00000000,450.00000000,1
3,3,1073,2025,2,14,16,0,45,960,60,11053.68879916,653.09859172,399.98044470,11831.30063443,69.54960041,-103.75000118,3261.36887876,7911.45419270,0.00000000,12327.91545118,-40.64763099,0.00000000,6805.11368145,0.00000000,1,1,3,1.60000000,720.00000000,3,1.60000000,720.00000000,1
3,3,1074,2025,2,14,17,0,45,1020,60,10611.80033075,546.60369027,77.29853074,8296.21680692,-89.14386083,65.11262418,2449.57491390,7133.73002287,0.00000000,11396.49742662,-12.12836897,0.00000000,11063.74840067,0.00000000,1,1,3,1.60000000,720.00000000,3,1.60000000,720.00000000,1
3,3,1075,2025,2,14,18,0,45,1080,60,8469.60773931,717.14529192,-356.23752830,12640.20717818,96.59703014,-125.92449643,2561.01415637,9282.97063766,0.00000000,8645.43345850,6.22468036,0.00000000,7850.65971399,0.00000000,1,1,3,1.60000000,720.00000000,3,1.60000000,720.00000000,1
3,3,1076,2025,2,14,19,0,45,1140,60,13005.22085400,355.56132110,22.76532043,14852.58318572,1146.75123647,-17.48408246,2234.39656760,11565.30638115,0.00000000,4510.54081446,-0.97469196,0.00000000,9719.77645310,0.00000000,1,1,3,1.60000000,720.00000000,3,1.60000000,720.00000000,1
3,3,1077,2025,2,14,20,0,45,1200,60,11227.47701554,358.18443629,-110.98785029,5154.83530397,1212.76107665,119.61670124,606.81025816,7756.67213815,0.00000000,13916.23091190,26.19917323,0.00000000,8356.99147860,0.00000000,1,1,3,1.60000000,720.00000000,3,1.60000000,720.00000000,1
3,3,1078,2025,2,14,21,0,45,1260,60,12719.08802307,677.13140185,-66.06360363,8028.50697116,258.96811458,-149.82828009,-765.38183616,9562.48658986,0.00000000,8747.40334220,22.35351393,0.00000000,12572.57665592,0.00000000,2,1,3,1.60000000,720.00000000,3,1.60000000,720.00000000,1
3,3,1079,2025,2,14,22,0,45,1320,60,6388.09195336,379.71717130,354.42898712,13152.16701749,145.74095471,51.01144037,-1299.54836930,8455.80151524,0.00000000,7594.08372209,-24.12229213,0.00000000,7182.25311098,0.00000000,1,1,2,1.00000000,450.00000000,2,1.00000000,450.00000000,1
3,3,1080,2025,2,14,23,0,45,1380,60,11694.25051923,680.89366209,154.23547313,7453.81628416,-144.99016483,-49.34961477,-550.79572386,10888.85572947,0.00000000,10253.21739169,-56.73297604,0.00000000,8421.46047273,0.00000000,1,1,2,1.00000000,450.00000000,2,1.00000000,450.00000000,1
3,3,1081,2025,2,15,0,0,46,0,60,9783.22552738,392.32448373,-29.27576184,9933.97999370,-92.17019784,-110.99877504,192.63213627,7169.01905365,0.00000000,5654.21939354,17.91291414,0.00000000,16352.36237543,0.00000000,1,1,1,0.40000000,180.00000000,1,0.40000000,180.00000000,1
3,3,1082,2025,2,15,1,0,46,60,60,6749.68522053,431.97697498,326.18804329,6875.29965807,0.79587441,34.89371989,631.11809830,9168.08844278,0.00000000,7644.62720213,17.34271004,0.00000000,12385.54466481,0.00000000,1,1,1,0.40000000,180.00000000,1,0.40000000,180.00000000,1
3,3,1083,2025,2,15,2,0,46,120,60,10149.61761737,429.42465606,183.10715587,2668.87373440,61.67076138,-9.39600326,-346.83224137,7721.88845286,0.00000000,10581.26041276,-30.67702584,0.00000000,8630.05376990,0.00000000,1,1,1,0.40000000,180.00000000,1,0.40000000,180.00000000,1
3,3,1084,2025,2,15,3,0,46,180,60,6908.10490735,489.52946490,119.85729943,10177.00056236,93.25948512,-77.91657258,1089.34412258,8306.88673295,0.00000000,5648.63449271,36.95385944,0.00000000,7505.78172182,0.00000000,1,1,1,0.40000000,180.00000000,1,0.40000000,180.00000000,1
11,3,5166,2025,8,4,5,0,216,300,60,7754.51139521,526.83255222,-162.07238370,3762.62382190,-100.87400585,3.01010561,-14.06215670,8381.53159111,0.00000000,6915.29545794,20.49629582,0.00000000,3612.47801787,0.00000000,1,3,1,0.40000000,180.00000000,1,0.40000000,180.00000000,2
11,3,5167,2025,8,4,6,0,216,360,60,5979.16439423,257.10349141,607.24584361,12618.02281239,-173.92465140,154.68736967,1023.31255865,8501.31219826,0.00000000,9964.44348139,-41.65119692,0.00000000,11930.54322753,0.00000000,1,3,1,0.40000000,180.00000000,1,0.40000000,180.00000000,2
11,3,5168,2025,8,4,7,0,216,420,60,9940.65744437,266.98493308,632.86468603,11834.51862598,-123.02535803,138.37801667,1166.57512505,8049.05366349,0.00000000,9655.32768262,26.45654737,0.00000000,3600.72832262,0.00000000,1,3,2,1.00000000,450.00000000,2,1.00000000,450.00000000,2
11,3,5169,2025,8,4,8,0,216,480,60,5507.74150619,691.06155983,1028.17554622,6848.00427752,-229.51839058,-83.90844761,47.99398767,5595.37758091,0.00000000,14091.82085504,4.52429406,0.00000000,11852.28371068,0.00000000,1,3,2,1.00000000,450.00000000,2,1.00000000,450.00000000,2
11,3,5170,2025,8,4,9,0,216,540,60,11353.25765809,546.04356827,1424.20829204,7287.66724800,-10.77104917,-42.87073108,604.92381794,9287.41508876,0.00000000,12892.03941466,27.50413170,0.00000000,11150.79389613,0.00000000,1,3,2,1.00000000,450.00000000,2,1.00000000,450.00000000,2
11,3,5171,2025,8,4,10,0,216,600,60,9984.73138057,320.73930253,2639.06875257,10256.42823790,157.63099242,33.01202332,-55.73648790,8435.18686657,0.00000000,11952.10398383,-10.11034422,0.00000000,14025.34903351,0.00000000,1,3,2,1.00000000,450.00000000,2,1.00000000,450.00000000,2
11,3,5172,2025,8,4,11,0,216,660,60,9081.08677130,547.25525452,2629.92587173,9521.52219048,-73.09856653,885.50009555,1652.01201336,4790.24738641,0.00000000,8809.74887302,32.87835856,0.00000000,10843.25767708,0.00000000,1,3,3,1.60000000,720.00000000,3,1.60000000,720.00000000,2
11,3,5173,2025,8,4,12,0,216,720,60,7648.59476548,134.76184206,2425.41245878,6004.81005755,70.10115034,788.49252382,3142.57901478,9613.51105258,0.00000000,9228.01905242,-46.61760213,0.00000000,7715.04400762,0.00000000,1,3,3,1.60000000,720.00000000,3,1.60000000,720.00000000,2
11,3,5174,2025,8,4,13,0,216,780,60,6474.46631719,275.30812188,1670.89427109,1960.66313940,-40.58602411,918.35420019,3714.54427362,5100.46244664,0.00000000,12914.17812824,-26.67617143,0.00000000,4733.05356536,0.00000000,1,3,4,1.92000000,864.00000000,3,1.60000000,720.00000000,2
11,3,5175,2025,8,4,14,0,216,840,60,11042.36282281,415.56538211,1868.19838033,3319.42483347,168.62198271,626.01412635,3550.12673531,4786.71479666,0.00000000,5595.62633894,-6.94836261,0.00000000,8840.25299758,0.00000000,1,3,3,1.60000000,720.00000000,3,1.60000000,720.00000000,2
11,3,5176,2025,8,4,15,0,216,900,60,9917.54471950,396.95981674,1704.61773324,8292.95126737,-202.28971235,727.12744284,4631.30874426,5099.87162417,0.00000000,7335.29146244,-2.20181430,0.00000000,8944.16438417,0.00000000,1,3,3,1.60000000,720.00000000,3,1.60000000,720.00000000,2
11,3,5177,2025,8,4,16,0,216,960,60,11606.41174477,354.49456377,818.48964274,10413.25545138,3.28516199,23.37694369,4480.25317025,5991.51216519,0.00000000,2622.59347971,39.13184372,0.00000000,11666.09476863,0.00000000,1,3,3,1.60000000,720.00000000,3,1.60000000,720.00000000,2
11,3,5178,2025,8,4,17,0,216,1020,60,4772.55610346,144.33214175,469.32942375,6338.26323860,-105.45738761,162.86350382,3157.00345898,6479.65003775,0.00000000,14972.82024430,-6.48715443,0.00000000,13690.24512233,0.00000000,1,3,3,1.60000000,720.00000000,3,1.60000000,720.00000000,2
11,3,5179,2025,8,4,18,0,216,1080,60,16017.23980167,434.05958299,164.86893255,5273.18804570,80.55078681,-37.29138158,3986.09369699,7564.34312703,0.00000000,9244.81363897,17.71224022,0.00000000,4178.22404390,0.00000000,1,3,2,1.00000000,450.00000000,2,1.00000000,450.00000000,2
11,3,5180,2025,8,4,19,0,216,1140,60,7840.56166478,260.37011275,-359.08907195,10678.31190433,1224.59999911,149.17156205,3402.31673697,11014.31107350,0.00000000,10030.34047216,-0.72640981,0.00000000,12535.33261830,0.00000000,1,3,2,1.00000000,450.00000000,2,1.00000000,450.00000000,2
11,3,5181,2025,8,4,20,0,216,1200,60,13617.34181482,322.70477327,-314.32079632,7004.14232617,1140.19416249,33.45268437,946.61000309,8297.21455636,0.00000000,4829.20638635,72.25587870,0.00000000,5924.59099682,0.00000000,1,3,3,1.60000000,720.00000000,3,1.60000000,720.00000000,2
11,3,5182,2025,8,4,21,0,216,1260,60,5635.79801545,-21.16840649,174.46221417,10510.51631275,956.32882697,-50.47752211,542.35028414,5580.27643398,0.00000000,8881.80928986,-24.21792227,0.00000000,10308.49809611,0.00000000,1,3,4,1.92000000,864.00000000,3,1.60000000,720.00000000,2
11,3,5183,2025,8,4,22,0,216,1320,60,9455.56206534,383.88754548,-238.74365079,9702.69818655,8.32384470,28.90993483,981.18080616,12516.31679939,0.00000000,12694.27340279,-34.61176348,0.00000000,12076.96182892,0.00000000,1,3,4,1.92000000,864.00000000,3,1.60000000,720.00000000,2
11,3,5184,2025,8,4,23,0,216,1380,60,16004.84720252,339.06123414,-401.92017940,10321.55158615,-68.85847908,-88.02281367,-409.44018086,13647.91884579,0.00000000,7148.46525492,46.92199882,0.00000000,7725.74469158,0.00000000,1,3,2,1.00000000,450.00000000,2,1.00000000,450.00000000,2
11,3,5185,2025,8,5,0,0,217,0,60,11546.23511747,584.04521385,279.80661105,6702.56506005,-14.65113177,-37.60757190,394.48051190,11589.97241617,0.00000000,10923.92476559,-11.60912874,0.00000000,10978.51070884,0.00000000,1,3,2,1.00000000,450.00000000,2,1.00000000,450.00000000,2
11,3,5186,2025,8,5,1,0,217,60,60,9237.87300502,312.81209291,-34.65338242,5259.82858251,-191.14347317,41.26561787,13.85458191,11421.48771180,0.00000000,8738.19425605,-19.54406576,0.00000000,12318.88541621,0.00000000,1,3,1,0.40000000,180.00000000,1,0.40000000,180.00000000,2
11,3,5187,2025,8,5,2,0,217,120,60,11453.80655183,328.22448816,-187.52268602,6857.27404057,165.80403048,-58.83971471,-978.47734315,1552.56614533,0.00000000,12240.03763804,30.43171748,0.00000000,7491.96395150,0.00000000,1,3,1,0.40000000,180.00000000,1,0.40000000,180.00000000,2
11,3,5188,2025,8,5,3,0,217,180,60,5795.21394916,443.48761411,57.31419317,8996.77843812,-116.71932591,-138.89568565,594.37874128,10046.50157150,0.00000000,1487.77816299,-45.66270577,0.00000000,10937.82104337,0.00000000,1,3,1,0.40000000,180.00000000,1,0.40000000,180.00000000,2
11,3,5189,2025,8,5,4,0,217,240,60,11199.73746879,345.14244394,-622.46376130,6532.30329684,115.50180387,106.58357572,873.04286383,10735.80930229,0.00000000,13059.66623488,-31.79515372,0.00000000,7817.24293978,0.00000000,1,3,1,0.40000000,180.00000000,1,0.40000000,180.00000000,2
11,3,5190,2025,8,5,5,0,217,300,60,7350.40552748,481.29884718,168.11090915,11335.72591855,-151.93257622,11.86808019,57.19735580,9915.90910840,0.00000000,6865.31991458,-38.37790888,0.00000000,9072.36419112,0.00000000,1,3,1,0.40000000,180.00000000,1,0.40000000,180.00000000,2
11,3,5191,2025,8,5,6,0,217,360,60,9134.78346433,408.56694491,66.21212406,2437.01635267,-61.24953820,119.05988668,-671.42544891,6579.00754090,0.00000000,9785.25226948,22.24894206,0.00000000,13841.30119079,0.00000000,1,3,1,0.40000000,180.00000000,1,0.40000000,180.00000000,2
11,3,5192,2025,8,5,7,0,217,420,60,6788.45127398,401.92992160,175.99908380,5684.39842030,93.19999295,114.20419647,418.69720375,9633.69985053,0.00000000,7907.54816607,-8.56531835,0.00000000,13034.54488274,0.00000000,1,3,2,1.00000000,450.00000000,2,1.00000000,450.00000000,2
11,3,5193,2025,8,5,8,0,217,480,60,7184.63088908,659.33646673,658.40305105,5939.37175284,264.71843056,112.39027559,886.88025435,9764.26732914,0.00000000,9523.10146084,-17.57464598,0.00000000,12833.23078337,0.00000000,1,3,2,1.00000000,450.00000000,2,1.00000000,450.00000000,2
11,3,5194,2025,8,5,9,0,217,540,60,8939.25564727,320.25312222,1726.64114816,8941.51987118,-108.87240575,118.68721276,-400.65760461,6567.22472634,0.00000000,10792.16175754,-28.75795069,0.00000000,9208.54292128,0.00000000,1,3,2,1.00000000,450.00000000,2,1.00000000,450.00000000,2
11,3,5195,2025,8,5,10,0,217,600,60,11931.86144416,422.23054000,1502.19578496,7153.48572746,-281.21095700,66.99149718,232.11965882,7804.07798819,0.00000000,9053.50828007,38.35230151,0.00000000,8387.17679176,0.00000000,1,3,2,1.00000000,450.00000000,2,1.00000000,450.00000000,2
11,3,5196,2025,8,5,11,0,217,660,60,14207.96096576,367.46152456,3000.15860878,9110.94689743,374.77556847,784.36684536,965.87800619,5190.84191702,0.00000000,10536.38012132,-61.23010093,0.00000000,7613.67368764,0.00000000,1,3,3,1.60000000,720.00000000,3,1.60000000,720.00000000,2
11,3,5197,2025,8,5,12,0,217,720,60,16938.72032265,267.36203002,2395.95482366,8826.95688117,-189.40108497,892.96906666,1662.84106491,8785.46762889,0.00000000,11188.06803569,16.92702343,0.00000000,8002.90058880,0.00000000,1,3,3,1.60000000,720.00000000,3,1.60000000,720.00000000,2
11,3,5198,2025,8,5,13,0,217,780,60,8586.52984776,445.94181839,2619.02775913,4138.48794144,21.06440151,1046.52907983,1548.84588838,5848.02719055,0.00000000,7704.98752142,-45.06085146,0.00000000,10336.57287785,0.00000000,1,3,4,1.92000000,864.00000000,3,1.60000000,720.00000000,2
11,3,5199,2025,8,5,14,0,217,840,60,11863.72897858,312.59816012,2278.83165340,12412.16362415,-42.34524163,581.62799131,4517.11515915,5393.20056950,0.00000000,15860.13209955,-31.29343720,0.00000000,3238.93728492,0.00000000,1,3,3,1.60000000,720.00000000,3,1.60000000,720.00000000,2
11,3,5200,2025,8,5,15,0,217,900,60,8471.19540983,371.74616309,1575.54517939,8594.67910695,68.91153322,576.83901182,4255.84952636,4815.28507328,0.00000000,12123.21099670,-7.17565237,0.00000000,8840.02257624,0.00000000,1,3,3,1.60000000,720.00000000,3,1.60000000,720.00000000,2
11,3,5201,2025,8,5,16,0,217,960,60,8740.55874025,305.85179373,1185.72480963,543.17841061,24.86346875,38.80583615,3827.26662687,9240.19635267,0.00000000,6069.09748934,74.00621572,0.00000000,13734.32822898,0.00000000,1,3,3,1.60000000,720.00000000,3,1.60000000,720.00000000,2
11,3,5202,2025,8,5,17,0,217,1020,60,12712.46763482,257.76726274,371.32640613,5639.78248921,66.77455886,38.92039360,5006.60230089,14392.24913253,0.00000000,6141.68725013,10.38575533,0.00000000,9728.42241779,0.00000000,1,3,3,1.60000000,720.00000000,3,1.60000000,720.00000000,2
11,3,5203,2025,8,5,18,0,217,1080,60,11017.26197251,415.62316481,378.29038494,9854.93284019,-137.37789255,-20.81468134,3874.49747106,11207.72904884,0.00000000,14076.97365550,37.60828470,0.00000000,10617.54227097,0.00000000,1,3,2,1.00000000,450.00000000,2,1.00000000,450.00000000,2
11,3,5204,2025,8,5,19,0,217,1140,60,14236.28347010,455.85889180,-187.93773755,10401.95814601,1275.90607715,104.60049688,1984.57052645,8648.15405633,0.00000000,7340.33577243,15.54472561,0.00000000,10716.55459191,0.00000000,1,3,2,1.00000000,450.00000000,2,1.00000000,450.00000000,2
11,3,5205,2025,8,5,20,0,217,1200,60,14527.73461701,289.09878570,109.59528554,15075.83528571,1336.00426928,-51.66956516,452.80902240,8091.56750372,0.00000000,7875.60108141,21.47283792,0.00000000,6607.22364870,0.00000000,1,3,3,1.60000000,720.00000000,3,1.60000000,720.00000000,2
11,3,5206,2025,8,5,21,0,217,1260,60,12987.52539956,320.82741179,-196.05205573,4673.26360988,-74.72802794,53.17955450,710.85532357,11835.08578204,0.00000000,11855.80553384,140.25865869,0.00000000,12253.84955392,0.00000000,2,3,4,1.92000000,864.00000000,3,1.60000000,720.00000000,2
11,3,5207,2025,8,5,22,0,217,1320,60,8059.31379300,412.28952293,-479.63881318,6303.64372365,-4.46302562,-141.63449086,1947.16576685,9206.82897160,0.00000000,5423.08530777,-54.72264792,0.00000000,11203.52795392,0.00000000,1,3,4,1.92000000,864.00000000,3,1.60000000,720.00000000,2
11,3,5208,2025,8,5,23,0,217,1380,60,11749.58757406,131.37271522,-338.32136012,10184.37095897,-17.62302794,157.75347494,1527.47781103,13722.91078453,0.00000000,13551.13784346,-62.65216173,0.00000000,10467.87880846,0.00000000,1,3,2,1.00000000,450.00000000,2,1.00000000,450.00000000,2
11,3,5209,2025,8,6,0,0,218,0,60,11852.28354610,329.47784904,113.51401671,6464.95854023,-81.10214626,75.67038025,645.90647225,10201.95126013,0.00000000,15212.27539579,-7.92786526,0.00000000,6023.82469989,0.00000000,1,3,2,1.00000000,450.00000000,2,1.00000000,450.00000000,2
11,3,5210,2025,8,6,1,0,218,60,60,9101.26421979,467.12082509,-91.26976729,10285.04463551,45.30409828,17.79466880,1004.21944121,10555.24670749,0.00000000,10906.38123901,28.58906414,0.00000000,7509.45703004,0.00000000,1,3,1,0.40000000,180.00000000,1,0.40000000,180.00000000,2
11,3,5211,2025,8,6,2,0,218,120,60,8221.19155077,447.39526092,286.25670256,9985.32717370,54.01402064,52.90290448,1331.10607663,11700.79209774,0.00000000,8541.96318171,-23.44850512,0.00000000,9598.24738117,0.00000000,1,3,1,0.40000000,180.00000000,1,0.40000000,180.00000000,2
11,3,5212,2025,8,6,3,0,218,180,60,6452.20579033,470.00893098,417.33939387,9151.56305050,-149.81830761,-58.39249559,1436.39063788,10031.72749928,0.00000000,13445.35453199,11.44673925,0.00000000,6981.22266960,0.00000000,1,3,1,0.40000000,180.00000000,1,0.40000000,180.00000000,2
11,3,5213,2025,8,6,4,0,218,240,60,8308.35684228,362.98301001,19.44123361,10209.64039541,-137.42356581,145.55852103,1586.22713705,3790.59626305,0.00000000,11304.74769443,19.67625697,0.00000000,5309.43853252,0.00000000,1,3,1,0.40000000,180.00000000,1,0.40000000,180.00000000,2
11,3,5214,2025,8,6,5,0,218,300,60,3718.95623863,293.37291179,170.18874143,5951.37229092,-4.73737586,51.91418443,523.73646318,4992.84484016,0.00000000,8150.68603448,70.50684915,0.00000000,9402.30140222,0.00000000,1,3,1,0.40000000,180.00000000,1,0.40000000,180.00000000,2
11,3,5215,2025,8,6,6,0,218,360,60,9938.61959096,251.00368665,331.88642454,7570.54646457,10.57208815,-77.69884790,2037.95004981,9425.98685293,0.00000000,12879.19251743,-3.96258625,0.00000000,13040.68918652,0.00000000,1,3,1,0.40000000,180.00000000,1,0.40000000,180.00000000,2
11,3,5216,2025,8,6,7,0,218,420,60,10999.16059442,349.84859561,1021.75807125,7163.20957114,-59.17087331,-96.66533445,1139.39164047,8274.04562236,0.00000000,6668.98728348,14.41015545,0.00000000,11416.73896562,0.00000000,1,3,2,1.00000000,450.00000000,2,1.00000000,450.00000000,2
11,3,5217,2025,8,6,8,0,218,480,60,9538.25498610,421.07146747,51.97797945,10071.68359575,141.96463639,-88.86446624,1076.15304984,7663.54043566,0.00000000,13519.14886156,17.49885037,0.00000000,8216.32545606,0.00000000,1,3,2,1.00000000,450.00000000,2,1.00000000,450.00000000,2
11,3,5218,2025,8,6,9,0,218,540,60,8038.93976908,533.46878918,1058.72136904,9063.93073964,-232.65588679,-42.22007205,687.39346928,5362.87431998,0.00000000,10358.67531652,-43.39044687,0.00000000,14975.85287025,0.00000000,1,3,2,1.00000000,450.00000000,2,1.00000000,450.00000000,2
11,3,5219,2025,8,6,10,0,218,600,60,7274.61267805,543.74454765,1901.81604077,8782.18192520,-58.26487466,-32.61588998,2665.59307153,11805.74383179,0.00000000,9354.36187769,39.21946455,0.00000000,9379.24377742,0.00000000,1,3,2,1.00000000,450.00000000,2,1.00000000,450.00000000,2
11,3,5220,2025,8,6,11,0,218,660,60,4518.71332495,576.49032220,2327.17701094,5708.29799107,147.01841809,813.14139611,1312.88097058,8309.05477025,0.00000000,12146.59656984,25.58274478,0.00000000,13457.14288304,0.00000000,1,3,3,1.60000000,720.00000000,3,1.60000000,720.00000000,2
11,3,5221,2025,8,6,12,0,218,720,60,4266.51517857,485.79983782,2460.46852198,9872.19249186,87.99738900,805.85143218,2619.63284214,6304.49845651,0.00000000,9225.25442513,-39.27111482,0.00000000,10559.85879414,0.00000000,1,3,3,1.60000000,720.00000000,3,1.60000000,720.00000000,2
11,3,5222,2025,8,6,13,0,218,780,60,14268.23168054,456.07851621,1956.54510309,11499.66205163,73.64193564,1155.09404213,3944.02472596,7161.31469064,0.00000000,3079.02079284,-17.21298102,0.00000000,12983.57926815,0.00000000,1,3,4,1.92000000,864.00000000,3,1.60000000,720.00000000,2
11,3,5223,2025,8,6,14,0,218,840,60,15283.96412169,293.89773735,2322.90663436,6293.02919405,88.44938646,809.73187891,3822.92161677,-295.17315739,0.00000000,17260.23319059,71.67208549,0.00000000,10339.60391184,0.00000000,1,3,3,1.60000000,720.00000000,3,1.60000000,720.00000000,2
11,3,5224,2025,8,6,15,0,218,900,60,2086.24324826,415.36516046,1534.34886607,3960.78414774,-96.38640793,784.12324006,5121.64360072,7189.97650846,0.00000000,10999.86095952,-5.16053632,0.00000000,11083.36883140,0.00000000,1,3,3,1.60000000,720.00000000,3,1.60000000,720.00000000,2
11,3,5225,2025,8,6,16,0,218,960,60,7370.89504039,316.92787341,1329.68767189,7776.19546368,60.64965226,-61.05330696,4544.41850091,11692.34615731,0.00000000,8172.86365275,-27.80944816,0.00000000,8216.92367065,0.00000000,1,3,3,1.60000000,720.00000000,3,1.60000000,720.00000000,2
11,3,5226,2025,8,6,17,0,218,1020,60,11497.89154665,242.15890477,206.77545044,10235.95887918,92.79454050,154.55039114,4017.65238356,5531.89958485,0.00000000,11316.70744177,16.60234056,0.00000000,10667.84070201,0.00000000,1,3,3,1.60000000,720.00000000,3,1.60000000,720.00000000,2
11,3,5227,2025,8,6,18,0,218,1080,60,14890.74488283,200.02045900,-1.16891879,12797.62553019,-34.84125364,5.00955863,3663.76754198,9604.60469391,0.00000000,11674.71749484,49.53047453,0.00000000,14303.53582450,0.00000000,1,3,2,1.00000000,450.00000000,2,1.00000000,450.00000000,2
11,3,5228,2025,8,6,19,0,218,1140,60,6176.45612689,256.62246706,619.78903013,8316.21073205,1285.64190328,35.83359100,3337.39239297,7796.00712644,0.00000000,6325.01010199,5.43637434,0.00000000,15138.36423795,0.00000000,1,3,2,1.00000000,450.00000000,2,1.00000000,450.00000000,2
11,3,5229,2025,8,6,20,0,218,1200,60,11691.19865375,351.96880345,266.92466759,11837.90139246,1252.41367061,9.94950525,1877.89586525,8666.56831430,0.00000000,15103.99966299,-2.36206925,0.00000000,11057.05625923,0.00000000,1,3,3,1.60000000,720.00000000,3,1.60000000,720.00000000,2
11,3,5230,2025,8,6,21,0,218,1260,60,13213.18150723,288.81878044,-144.62726932,9684.14446048,1206.19541833,-19.14283260,143.84613485,16567.62233365,0.00000000,8866.65490606,-4.74821444,0.00000000,13332.22087998,0.00000000,1,3,4,1.92000000,864.00000000,3,1.60000000,720.00000000,2
11,3,5231,2025,8,6,22,0,218,1320,60,6692.93451419,302.56760733,245.26537305,3690.12825896,-73.87229091,-26.23868397,1053.20455730,14954.35764162,0.00000000,12787.93113222,-36.60872848,0.00000000,5423.89828620,0.00000000,1,3,4,1.92000000,864.00000000,3,1.60000000,720.00000000,2
11,3,5232,2025,8,6,23,0,218,1380,60,9091.39939991,397.10385043,245.96186734,5758.20504758,-31.00182792,-56.77110494,892.40192449,11208.79906477,0.00000000,13558.33006849,68.69479289,0.00000000,12841.53182064,0.00000000,1,3,2,1.00000000,450.00000000,2,1.00000000,450.00000000,2
11,3,5233,2025,8,7,0,0,219,0,60,9602.03393944,187.96133248,206.18681605,8974.54499018,-78.46005132,183.86933038,25.68851665,11535.94150188,0.00000000,4638.71090421,18.30751468,0.00000000,7317.19566471,0.00000000,1,3,2,1.00000000,450.00000000,2,1.00000000,450.00000000,2
11,3,5234,2025,8,7,1,0,219,60,60,5495.71734556,166.78476536,-491.62237597,11972.38723590,33.76332282,93.50965438,1950.41736681,12088.62479173,0.00000000,10208.31457737,-54.16837918,0.00000000,10361.21492052,0.00000000,1,3,1,0.40000000,180.00000000,1,0.40000000,180.00000000,2
11,3,5235,2025,8,7,2,0,219,120,60,7143.50147164,205.02785549,-67.09079630,9474.95441592,-78.32256199,109.34918469,8.36545118,7509.98669708,0.00000000,9069.05962486,-5.47820326,0.00000000,11648.13455357,0.00000000,1,3,1,0.40000000,180.00000000,1,0.40000000,180.00000000,2
11,3,5236,2025,8,7,3,0,219,180,60,10573.63634393,298.08783226,683.13512935,9216.50630950,26.61672247,34.77548214,770.68690118,9994.22003176,0.00000000,6958.19568717,12.53880369,0.00000000,3794.57263092,0.00000000,1,3,1,0.40000000,180.00000000,1,0.40000000,180.00000000,2
11,3,5237,2025,8,7,4,0,219,240,60,10270.15959657,334.86765901,247.32483177,10203.13474143,67.61843164,104.73611491,785.31326819,10607.98207833,0.00000000,12566.17725781,30.54004474,0.00000000,8181.12726412,0.00000000,1,3,1,0.40000000,180.00000000,1,0.40000000,180.00000000,2
11,3,5238,2025,8,7,5,0,219,300,60,13518.17138354,391.61215159,-657.93326813,4778.01007452,151.71882678,34.37201644,-293.00689223,13862.70958008,0.00000000,8415.60723151,27.99218270,0.00000000,10202.36254483,0.00000000,1,3,1,0.40000000,180.00000000,1,0.40000000,180.00000000,2
11,3,5239,2025,8,7,6,0,219,360,60,10646.31446120,712.10382671,140.34825242,8897.03324886,-98.90804617,-27.44144677,-805.47973344,6708.89320080,0.00000000,13239.13427443,-33.45144877,0.00000000,4090.25235976,0.00000000,1,3,1,0.40000000,180.00000000,1,0.40000000,180.00000000,2
11,3,5240,2025,8,7,7,0,219,420,60,13745.17388669,302.69722281,981.52502345,4021.54483735,-255.50149718,14.17967874,1560.76537034,11395.60821455,0.00000000,7459.42003598,-1.94765575,0.00000000,11130.18071637,0.00000000,1,3,2,1.00000000,450.00000000,2,1.00000000,450.00000000,2
11,3,5241,2025,8,7,8,0,219,480,60,11371.63830477,444.87871903,736.63795719,10736.86121430,-95.18017712,162.33793579,-100.21493943,7480.11049573,0.00000000,9876.52679833,56.93388998,0.00000000,8024.71423618,0.00000000,1,3,2,1.00000000,450.00000000,2,1.00000000,450.00000000,2
11,3,5242,2025,8,7,9,0,219,540,60,9438.27823907,423.72645184,1993.46740760,7530.53690785,97.85504559,-102.48215037,442.29000258,10332.84676815,0.00000000,3806.79858424,43.19757091,0.00000000,10546.50377549,0.00000000,1,3,2,1.00000000,450.00000000,2,1.00000000,450.00000000,2
11,3,5243,2025,8,7,10,0,219,600,60,4114.53761823,503.60931688,2418.77158937,11163.29811463,-106.65355906,8.43044318,642.28919483,7076.42787682,0.00000000,10648.10511255,62.03182953,0.00000000,3051.90743385,0.00000000,1,3,2,1.00000000,450.00000000,2,1.00000000,450.00000000,2
11,3,5244,2025,8,7,11,0,219,660,60,11615.78677349,522.89816553,2226.38048567,11629.04738563,157.17320700,861.79841043,1695.82399057,2600.78490472,0.00000000,8083.20718417,-16.98354677,0.00000000,15511.77594008,0.00000000,1,3,3,1.60000000,720.00000000,3,1.60000000,720.00000000,2
11,3,5245,2025,8,7,12,0,219,720,60,6676.20971343,515.74283879,2504.00534717,5625.61825051,-285.19540623,1042.94911376,1631.93626629,6897.52734689,0.00000000,6820.51418506,-9.38815476,0.00000000,11485.93307375,0.00000000,1,3,3,1.60000000,720.00000000,3,1.60000000,720.00000000,2
11,3,5246,2025,8,7,13,0,219,780,60,10010.04078242,106.33171743,2605.02376907,10133.59936774,70.58072132,862.71121826,1808.34770484,5035.66204730,0.00000000,7148.34538473,42.65199923,0.00000000,10116.41758027,0.00000000,1,3,4,1.92000000,864.00000000,3,1.60000000,720.00000000,2
11,3,5247,2025,8,7,14,0,219,840,60,5145.54851085,352.27825700,1907.73930721,8307.51882639,10.86787631,569.31247973,4138.19450311,11086.56743848,0.00000000,12550.14718850,-26.57900870,0.00000000,4712.78787345,0.00000000,1,3,3,1.60000000,720.00000000,3,1.60000000,720.00000000,2
11,3,5248,2025,8,7,15,0,219,900,60,11411.12485902,531.20712173,1381.48984837,9163.92718599,-19.35411023,571.91857915,3684.98707664,13111.17674752,0.00000000,13331.65109809,-24.23229619,0.00000000,4922.39177306,0.00000000,1,3,3,1.60000000,720.00000000,3,1.60000000,720.00000000,2
11,3,5249,2025,8,7,16,0,219,960,60,10205.56116976,251.02411511,1370.06087066,13211.18975164,30.59138917,79.99520527,4499.58266083,6731.13756135,0.00000000,8951.08092286,-32.25726919,0.00000000,5631.84607687,0.00000000,1,3,3,1.60000000,720.00000000,3,1.60000000,720.00000000,2
11,3,5250,2025,8,7,17,0,219,1020,60,14569.44510230,365.28908996,741.15981833,10274.59870733,-61.39169847,37.85541201,4138.54224097,16373.35446246,0.00000000,13630.27507266,14.69241823,0.00000000,15918.26313067,0.00000000,1,3,3,1.60000000,720.00000000,3,1.60000000,720.00000000,2
11,3,5251,2025,8,7,18,0,219,1080,60,9121.19727824,303.41046729,224.28244119,12143.44129493,165.78370592,-56.11440096,4388.70976538,8747.34045225,0.00000000,12282.30507076,23.07294142,0.00000000,15244.43366634,0.00000000,1,3,2,1.00000000,450.00000000,2,1.00000000,450.00000000,2
11,3,5252,2025,8,7,19,0,219,1140,60,12482.61587003,233.14445427,122.58515615,9130.15000089,1011.73455447,101.16404426,2420.08732777,5512.37082440,0.00000000,9140.04971847,-26.96013541,0.00000000,11489.96768022,0.00000000,1,3,2,1.00000000,450.00000000,2,1.00000000,450.00000000,2
11,3,5253,2025,8,7,20,0,219,1200,60,8575.39779595,223.72302725,26.83654887,6613.88063037,1179.94011949,-131.84927462,1054.85993311,6775.26278308,0.00000000,8435.90106960,-10.31273251,0.00000000,9146.24978744,0.00000000,1,3,3,1.60000000,720.00000000,3,1.60000000,720.00000000,2
11,3,5254,2025,8,7,21,0,219,1260,60,8258.49805193,234.42838480,-80.52822785,13553.36272644,1217.88479069,-57.30399618,-252.49179818,10817.29935128,0.00000000,11432.81323811,-41.78288143,0.00000000,10116.40393216,0.00000000,1,3,4,1.92000000,864.00000000,3,1.60000000,720.00000000,2
11,3,5255,2025,8,7,22,0,219,1320,60,5779.96923754,416.68310500,34.54158024,11930.46907508,78.60085054,11.67374127,-1062.88944012,13859.42660831,0.00000000,9071.72165617,30.10290401,0.00000000,7011.10877322,0.00000000,2,3,4,1.92000000,864.00000000,3,1.60000000,720.00000000,2
11,3,5256,2025,8,7,23,0,219,1380,60,5643.16035351,86.28045367,81.73765816,11102.98270405,-152.96668789,63.47605416,-422.58760580,7886.34101911,0.00000000,9657.12560948,-61.71101901,0.00000000,8863.68176277,0.00000000,1,3,2,1.00000000,450.00000000,2,1.00000000,450.00000000,2
11,3,5257,2025,8,8,0,0,220,0,60,6573.72521038,34.21261384,-324.88736379,12018.12402152,-242.21589907,118.72063568,-1113.86705603,10025.60622196,0.00000000,10864.21580210,-1.81420596,0.00000000,10919.33908576,0.00000000,1,3,2,1.00000000,450.00000000,2,1.00000000,450.00000000,2
11,3,5258,2025,8,8,1,0,220,60,60,14246.83775507,242.37271378,-235.09843685,10700.59253851,-132.73248486,45.64130914,-707.56308299,7257.15360929,0.00000000,9313.32219773,7.91888379,0.00000000,10328.14425413,0.00000000,1,3,1,0.40000000,180.00000000,1,0.40000000,180.00000000,2
11,3,5259,2025,8,8,2,0,220,120,60,9649.69121376,-90.00534718,528.00959361,11130.14800736,42.60373865,-109.67741817,20.84813969,4802.34719163,0.00000000,10615.78564310,17.98825956,0.00000000,7527.25984738,0.00000000,1,3,1,0.40000000,180.00000000,1,0.40000000,180.00000000,2
11,3,5260,2025,8,8,3,0,220,180,60,11787.62259188,153.14471765,338.68344465,6420.43738460,-32.23273044,-15.47944159,-327.87634066,9134.09616716,0.00000000,11992.95155822,57.88102666,0.00000000,7022.59853936,0.00000000,1,3,1,0.40000000,180.00000000,1,0.40000000,180.00000000,2
11,3,5261,2025,8,8,4,0,220,240,60,9571.25610071,349.56858762,298.34414899,6333.73750192,-12.16422080,-41.36762766,161.09534971,10747.66548232,0.00000000,5608.94237935,77.45540793,0.00000000,5353.63474423,0.00000000,1,3,1,0.40000000,180.00000000,1,0.40000000,180.00000000,2
11,3,5262,2025,8,8,5,0,220,300,60,7400.78227683,135.24913188,241.93517348,8178.85249844,-372.44628572,173.19707156,13.06216593,9499.11323702,0.00000000,5543.81550422,20.82731771,0.00000000,9842.23672848,0.00000000,1,3,1,0.40000000,180.00000000,1,0.40000000,180.00000000,2
11,3,5263,2025,8,8,6,0,220,360,60,7955.96338440,219.46779736,-300.59027107,11181.69694252,-103.52188819,-114.96558730,-1211.45049608,9263.29431395,0.00000000,4788.98476254,12.82087097,0.00000000,9537.11242346,0.00000000,1,3,1,0.40000000,180.00000000,1,0.40000000,180.00000000,2
11,3,5264,2025,8,8,7,0,220,420,60,13511.98386048,124.40856382,429.19126855,11209.77300432,4.70516102,-102.74143072,946.89227872,10431.85908653,0.00000000,10304.25091127,-41.80956644,0.00000000,15422.30884090,0.00000000,1,3,2,1.00000000,450.00000000,2,1.00000000,450.00000000,2
11,3,5265,2025,8,8,8,0,220,480,60,9918.64258475,244.21913531,684.69521121,6785.84385230,38.59442639,-71.43839779,-589.95542447,11196.26698138,0.00000000,6328.34057360,2.59227065,0.00000000,7600.96178534,0.00000000,1,3,2,1.00000000,450.00000000,2,1.00000000,450.00000000,2
17,3,535,2025,1,23,6,0,23,360,60,8991.10928746,400.71473834,323.98465211,13348.94071541,-163.90413579,12.87699527,1949.15237289,12116.61483794,0.00000000,5079.04011097,-0.68846646,0.00000000,4625.53555280,0.00000000,1,1,1,0.40000000,180.00000000,1,0.40000000,180.00000000,1
17,3,536,2025,1,23,7,0,23,420,60,5454.53017504,296.19724169,392.59660572,9416.69358926,72.48219572,-55.88125127,921.12561867,14010.78111876,0.00000000,8433.68562097,4.12653442,0.00000000,12828.94172483,0.00000000,1,1,1,0.40000000,180.00000000,1,0.40000000,180.00000000,1
17,3,537,2025,1,23,8,0,23,480,60,3961.32354014,417.76231994,751.30709809,8219.09539349,67.58181332,73.34281897,1744.80544085,9674.01722084,0.00000000,9808.74929648,20.05635393,0.00000000,9262.37620313,0.00000000,1,1,2,1.00000000,450.00000000,2,1.00000000,450.00000000,1
17,3,538,2025,1,23,9,0,23,540,60,12476.85408692,502.80935434,1428.62196730,12171.16662036,-175.33124034,88.15836146,50.91004521,7870.50690794,0.00000000,6177.50694256,-38.65016210,0.00000000,11159.41686244,0.00000000,1,1,2,1.00000000,450.00000000,2,1.00000000,450.00000000,1
17,3,539,2025,1,23,10,0,23,600,60,16323.40213179,498.61972636,1079.68176143,9780.06799444,54.70184400,125.37424656,1649.54067131,6980.11169307,0.00000000,13753.85817881,66.08799855,0.00000000,9964.67529773,0.00000000,1,1,3,1.60000000,720.00000000,3,1.60000000,720.00000000,1
17,3,540,2025,1,23,11,0,23,660,60,11113.27595021,433.47697784,1587.89393319,8451.88228111,64.03554992,525.17119635,1682.99539710,5667.71589589,0.00000000,5383.92281372,22.78985631,0.00000000,15915.57701968,0.00000000,1,1,3,1.60000000,720.00000000,3,1.60000000,720.00000000,1
17,3,541,2025,1,23,12,0,23,720,60,9895.63253176,378.12930632,1825.13505352,2502.22190088,-106.03582007,768.74567803,1912.58822308,5248.80252241,0.00000000,7459.63439026,-40.40446911,0.00000000,9886.86928025,0.00000000,1,1,2,1.00000000,450.00000000,2,1.00000000,450.00000000,1
17,3,542,2025,1,23,13,0,23,780,60,12147.74253206,350.93171988,1374.27250036,12227.68058036,-46.40000532,945.07706317,2763.93290855,7963.45470496,0.00000000,14824.51608878,-29.68269742,0.00000000,12459.90695189,0.00000000,1,1,2,1.00000000,450.00000000,2,1.00000000,450.00000000,1
17,3,543,2025,1,23,14,0,23,840,60,9753.41353475,553.67632297,1032.24434362,10408.62639113,-81.00459573,546.19373037,4391.35647770,9131.03932159,0.00000000,12153.89620311,-8.18510525,0.00000000,6787.83572865,0.00000000,1,1,2,1.00000000,450.00000000,2,1.00000000,450.00000000,1
17,3,544,2025,1,23,15,0,23,900,60,11661.72031409,517.73966955,1174.43111300,5665.57800745,105.28962365,428.50953593,3491.67012705,6482.20325893,0.00000000,7442.60573032,23.95817652,0.00000000,8698.02747798,0.00000000,1,1,2,1.00000000,450.00000000,2,1.00000000,450.00000000,1
17,3,545,2025,1,23,16,0,23,960,60,12552.73966598,434.77252608,358.16949586,6210.07262146,-5.19877000,-193.17238355,4478.06864588,9950.95790209,0.00000000,11890.98909684,-50.82262516,0.00000000,8042.63498598,0.00000000,1,1,3,1.60000000,720.00000000,3,1.60000000,720.00000000,1
17,3,546,2025,1,23,17,0,23,1020,60,12584.47868006,267.07845601,-97.74045185,11123.18453341,-84.65541002,-8.92777663,4552.59467922,10535.85802284,0.00000000,12578.85543264,-3.31936946,0.00000000,8425.07772219,0.00000000,1,1,3,1.60000000,720.00000000,3,1.60000000,720.00000000,1
17,3,547,2025,1,23,18,0,23,1080,60,10061.72052047,262.77943427,335.26842832,2052.59186430,101.02359806,7.42585309,3481.91244447,11244.37084385,0.00000000,11027.49004720,227.65219001,0.00000000,9464.18922745,0.00000000,2,1,3,1.60000000,720.00000000,3,1.60000000,720.00000000,1
17,3,548,2025,1,23,19,0,23,1140,60,7807.89486384,368.31955581,164.87913106,7612.03445155,1074.58071193,1.16492585,2580.01634798,16217.31983958,0.00000000,6573.07794342,6.06461720,0.00000000,7605.14038269,0.00000000,1,1,3,1.60000000,720.00000000,3,1.60000000,720.00000000,1
17,3,549,2025,1,23,20,0,23,1200,60,11344.65876390,160.64602281,-30.39410278,3189.63153276,1323.75008965,117.15289862,-541.29354101,12974.36042427,0.00000000,9448.49874347,34.78001595,0.00000000,10940.95477976,0.00000000,1,1,3,1.60000000,720.00000000,3,1.60000000,720.00000000,1
17,3,550,2025,1,23,21,0,23,1260,60,8802.45950051,298.41752722,113.76798376,10636.35257023,-92.58586706,20.98382409,140.95786370,10652.27608307,0.00000000,9915.43882248,584.95801875,0.00000000,12841.82665614,0.00000000,2,1,3,1.60000000,720.00000000,3,1.60000000,720.00000000,1
17,3,551,2025,1,23,22,0,23,1320,60,14059.83251291,174.96618652,322.74222211,7391.00127614,39.76308460,249.29515676,847.96122897,10119.35378638,0.00000000,10756.29242426,313.92358981,0.00000000,12138.92472396,0.00000000,2,1,2,1.00000000,450.00000000,2,1.00000000,450.00000000,1
17,3,552,2025,1,23,23,0,23,1380,60,11944.75871695,157.96685369,135.86643073,12154.90256445,34.33080503,101.95883005,86.63404632,15694.34263500,0.00000000,10892.61764587,49.54931869,0.00000000,12337.39388156,0.00000000,2,1,2,1.00000000,450.00000000,2,1.00000000,450.00000000,1
17,3,553,2025,1,24,0,0,24,0,60,8463.87041209,141.78950194,177.57454998,8214.65237308,-169.14397928,6.70654215,725.77653349,5127.95152096,0.00000000,5998.28176252,-40.90509320,0.00000000,4220.00031603,0.00000000,1,1,1,0.40000000,180.00000000,1,0.40000000,180.00000000,1
17,3,554,2025,1,24,1,0,24,60,60,12041.94229097,422.76677897,198.38801123,12998.32412850,-29.17627698,-16.10497304,1215.47782289,8804.78936900,0.00000000,13799.99611870,39.91519856,0.00000000,7445.79712980,0.00000000,1,1,1,0.40000000,180.00000000,1,0.40000000,180.00000000,1
17,3,555,2025,1,24,2,0,24,120,60,6423.12777781,621.25268299,88.55533014,11579.26006004,36.85723943,-138.70227046,1448.81993437,12746.41282136,0.00000000,12407.65811389,-30.81774589,0.00000000,10592.01506753,0.00000000,1,1,1,0.40000000,180.00000000,1,0.40000000,180.00000000,1
17,3,556,2025,1,24,3,0,24,180,60,10847.47985813,602.30179650,-102.60459870,8018.36267452,110.25096345,113.11824806,-173.70729854,7014.94633085,0.00000000,13220.58864100,-19.25719054,0.00000000,7791.44187817,0.00000000,1,1,1,0.40000000,180.00000000,1,0.40000000,180.00000000,1
17,3,557,2025,1,24,4,0,24,240,60,12516.58803824,189.59773611,313.14582072,10887.19056435,92.68570057,-31.14288053,-283.18206092,5952.95586442,0.00000000,8776.34631810,-40.71388929,0.00000000,13799.86399741,0.00000000,1,1,1,0.40000000,180.00000000,1,0.40000000,180.00000000,1
17,3,558,2025,1,24,5,0,24,300,60,11516.59430640,195.36455989,-232.34773709,9095.92625049,-114.24509481,-11.71148649,510.95271688,11226.31910322,0.00000000,9652.61407751,-22.70053942,0.00000000,7708.83244968,0.00000000,1,1,1,0.40000000,180.00000000,1,0.40000000,180.00000000,1
17,3,559,2025,1,24,6,0,24,360,60,16556.53593703,412.73638568,195.74535730,8895.85600676,-41.35464369,-3.86011524,373.69571435,10941.12258555,0.00000000,12900.96209653,15.96516821,0.00000000,14341.80369977,0.00000000,1,1,1,0.40000000,180.00000000,1,0.40000000,180.00000000,1
17,3,560,2025,1,24,7,0,24,420,60,9022.82942330,484.97885057,787.60031976,7244.07782996,-123.03040377,260.20333124,361.44815379,9525.77396601,0.00000000,9459.67523675,-78.90004539,0.00000000,15695.97544929,0.00000000,1,1,1,0.40000000,180.00000000,1,0.40000000,180.00000000,1
17,3,561,2025,1,24,8,0,24,480,60,3782.07801248,390.14277932,576.94688075,13405.03521127,-95.87594262,-64.88424072,1280.09045085,11874.25598213,0.00000000,14405.77443953,-15.07093237,0.00000000,18659.14957399,0.00000000,1,1,2,1.00000000,450.00000000,2,1.00000000,450.00000000,1
17,3,562,2025,1,24,9,0,24,540,60,8799.77036778,380.17089055,453.43623044,11939.59196657,-136.62360551,105.79503130,1613.12430991,12867.98605966,0.00000000,13445.86447767,-6.40039592,0.00000000,9372.95976093,0.00000000,1,1,2,1.00000000,450.00000000,2,1.00000000,450.00000000,1
17,3,563,2025,1,24,10,0,24,600,60,9047.55664635,462.14255091,1470.51138020,12302.38170235,198.39651156,-116.54999210,146.74511931,6863.28613404,0.00000000,8341.25582001,-73.86373928,0.00000000,7559.06483094,0.00000000,1,1,3,1.60000000,720.00000000,3,1.60000000,720.00000000,1
17,3,564,2025,1,24,11,0,24,660,60,7509.29159661,382.44779770,1703.28070411,6632.92894763,51.38755475,477.49571563,1539.22637560,5727.47155957,0.00000000,9852.21673515,15.46432026,0.00000000,8979.18343306,0.00000000,1,1,3,1.60000000,720.00000000,3,1.60000000,720.00000000,1
17,3,565,2025,1,24,12,0,24,720,60,8472.49667034,178.25936240,1139.87531722,11421.67023900,-66.35603208,482.94872728,2269.98207325,10537.10315509,0.00000000,7103.71809110,-36.49767150,0.00000000,4215.18001164,0.00000000,1,1,2,1.00000000,450.00000000,2,1.00000000,450.00000000,1
17,3,566,2025,1,24,13,0,24,780,60,11739.02391514,111.88944492,1748.38923187,7632.57601975,124.82077646,635.22503623,2630.42091376,8606.58964581,0.00000000,14612.38435505,44.03547934,0.00000000,14725.95532721,0.00000000,1,1,2,1.00000000,450.00000000,2,1.00000000,450.00000000,1
17,3,567,2025,1,24,14,0,24,840,60,8925.68988477,385.93896615,1709.56861339,4844.65474326,-226.69333069,583.97745520,3374.71919551,13047.65651020,0.00000000,6817.50253710,-11.52143375,0.00000000,16829.11333212,0.00000000,1,1,2,1.00000000,450.00000000,2,1.00000000,450.00000000,1
17,3,568,2025,1,24,15,0,24,900,60,15641.07363526,253.78892010,654.04344701,4112.05887949,67.22892943,524.72518112,4794.58674587,8451.96119408,0.00000000,14448.08658027,-1.71041846,0.00000000,6173.71267368,0.00000000,1,1,2,1.00000000,450.00000000,2,1.00000000,450.00000000,1
17,3,569,2025,1,24,16,0,24,960,60,8912.60403121,331.74839484,38.72644119,4486.71208131,41.44318117,-77.05960248,4931.48649986,9846.22515678,0.00000000,5108.01718356,30.91964302,0.00000000,8914.23667910,0.00000000,1,1,3,1.60000000,720.00000000,3,1.60000000,720.00000000,1
17,3,570,2025,1,24,17,0,24,1020,60,5135.69034386,309.67001088,-537.90456983,7612.94637305,290.29142238,149.34657920,4013.11146334,8286.93447004,0.00000000,9898.95716242,-9.29572442,0.00000000,16450.23057389,0.00000000,1,1,3,1.60000000,720.00000000,3,1.60000000,720.00000000,1
17,3,571,2025,1,24,18,0,24,1080,60,13599.60242460,268.95928476,-220.26718516,9879.76119051,-215.99909855,84.85726144,2864.43106472,17422.79085977,0.00000000,14169.02153608,263.35663667,0.00000000,9328.34257697,0.00000000,2,1,3,1.60000000,720.00000000,3,1.60000000,720.00000000,1
17,3,572,2025,1,24,19,0,24,1140,60,13581.08151628,286.24722007,-27.94776478,8104.49020655,1254.16871834,57.05677307,2215.70675092,12248.89620397,0.00000000,13466.43657565,-35.87090013,0.00000000,10515.89150728,0.00000000,1,1,3,1.60000000,720.00000000,3,1.60000000,720.00000000,1
17,3,573,2025,1,24,20,0,24,1200,60,7506.62429369,133.34867976,-314.41528280,14319.57320332,1144.83239295,26.78377419,952.49606011,12087.39937742,0.00000000,14448.17666705,19.45509947,0.00000000,11499.67185003,0.00000000,1,1,3,1.60000000,720.00000000,3,1.60000000,720.00000000,1
17,3,574,2025,1,24,21,0,24,1260,60,10132.06001233,211.36369873,43.78058007,12152.56833784,-67.54508693,19.57068670,-5.39832957,9761.40864913,0.00000000,6507.30996404,568.35513997,0.00000000,8422.16062782,0.00000000,2,1,3,1.60000000,720.00000000,3,1.60000000,720.00000000,1
17,3,575,2025,1,24,22,0,24,1320,60,5961.81797161,276.04945773,530.74091866,9007.09743614,23.83074008,1.03165824,963.68192851,10288.84618337,0.00000000,12992.03962964,226.99095024,0.00000000,11642.96109901,0.00000000,2,1,2,1.00000000,450.00000000,2,1.00000000,450.00000000,1
17,3,576,2025,1,24,23,0,24,1380,60,10339.54605313,97.10403077,263.80892221,9245.26159396,168.00258536,-128.88505451,646.83091940,11549.77630484,0.00000000,6559.15599163,-6.63217807,0.00000000,13014.22637169,0.00000000,2,1,2,1.00000000,450.00000000,2,1.00000000,450.00000000,1
17,3,577,2025,1,25,0,0,25,0,60,7980.96010142,370.57414738,248.83821740,5959.54450456,-21.55128234,122.54169725,-32.21494428,9602.12495417,0.00000000,5881.89000325,-8.99246896,0.00000000,7643.72264589,0.00000000,1,1,1,0.40000000,180.00000000,1,0.40000000,180.00000000,1
17,3,578,2025,1,25,1,0,25,60,60,11515.19284675,425.11823336,316.73039456,14163.10113999,-142.86884775,39.25718462,778.36750718,9226.61295990,0.00000000,8807.28718931,-60.86238024,0.00000000,8111.94931875,0.00000000,1,1,1,0.40000000,180.00000000,1,0.40000000,180.00000000,1
17,3,579,2025,1,25,2,0,25,120,60,8883.15749234,350.01416164,231.36671895,13513.00559801,50.00731134,-140.99426431,251.78974939,10279.48291864,0.00000000,11346.57301907,-70.93814409,0.00000000,5767.80439597,0.00000000,1,1,1,0.40000000,180.00000000,1,0.40000000,180.00000000,1
17,3,580,2025,1,25,3,0,25,180,60,8189.36702299,437.24624358,-24.23043420,12646.69310289,46.17145302,-54.07477911,1633.56043381,5153.76123392,0.00000000,10281.01359613,12.50190831,0.00000000,8870.55266518,0.00000000,1,1,1,0.40000000,180.00000000,1,0.40000000,180.00000000,1
17,3,581,2025,1,25,4,0,25,240,60,3757.81045687,362.04511640,-52.64999709,10747.57719719,5.12676523,165.86743458,1030.79183877,10612.62614476,0.00000000,8832.58190804,30.60239668,0.00000000,6752.01439702,0.00000000,1,1,1,0.40000000,180.00000000,1,0.40000000,180.00000000,1
17,3,582,2025,1,25,5,0,25,300,60,8281.41464630,366.17687417,-42.40892885,3850.48479933,-194.31047334,85.44521414,1068.27454617,8790.68373724,0.00000000,7217.65396037,11.42986210,0.00000000,14557.12888313,0.00000000,1,1,1,0.40000000,180.00000000,1,0.40000000,180.00000000,1
17,3,583,2025,1,25,6,0,25,360,60,6402.29429499,539.29008622,-353.39547013,7709.30179093,122.11765062,38.91606583,1320.81044703,7553.13341047,0.00000000,7730.25344151,-41.42508007,0.00000000,9701.02128800,0.00000000,1,1,1,0.40000000,180.00000000,1,0.40000000,180.00000000,1
17,3,584,2025,1,25,7,0,25,420,60,5156.98521966,374.61622303,135.15275451,6546.81028337,139.26845194,233.71181713,-273.36245842,6249.09459456,0.00000000,5621.93180134,-71.93580699,0.00000000,9301.72326430,0.00000000,1,1,1,0.40000000,180.00000000,1,0.40000000,180.00000000,1
17,3,585,2025,1,25,8,0,25,480,60,11159.72169940,441.00502031,743.05249824,3874.90873450,-46.74069769,-110.37662153,666.20299095,9249.14267202,0.00000000,9111.59559463,3.86396853,0.00000000,14486.98964663,0.00000000,1,1,2,1.00000000,450.00000000,2,1.00000000,450.00000000,1
17,3,586,2025,1,25,9,0,25,540,60,10237.43127320,199.38109973,624.85123611,5092.93336747,-32.65071604,48.38540201,950.23580311,14484.98061431,0.00000000,10403.51064540,-33.80897909,0.00000000,6475.17582855,0.00000000,1,1,2,1.00000000,450.00000000,2,1.00000000,450.00000000,1
17,3,587,2025,1,25,10,0,25,600,60,11770.56258047,470.95275951,1429.31660963,7290.27115156,-193.01986966,109.49700417,1726.57046831,10401.51621519,0.00000000,8746.45403771,15.79587429,0.00000000,12992.19614001,0.00000000,1,1,3,1.60000000,720.00000000,3,1.60000000,720.00000000,1
17,3,588,2025,1,25,11,0,25,660,60,6480.11560648,422.23514217,1965.10949666,12215.76029892,-137.85230824,604.85915294,1441.64481519,7917.04230626,0.00000000,11927.63573703,-2.14378218,0.00000000,13873.67548338,0.00000000,1,1,3,1.60000000,720.00000000,3,1.60000000,720.00000000,1
17,3,589,2025,1,25,12,0,25,720,60,11679.51195312,473.91140001,957.32153415,7483.97456013,-91.44419276,416.92427518,1400.06494298,6062.29887713,0.00000000,727.35666148,37.68203269,0.00000000,10684.80255632,0.00000000,1,1,2,1.00000000,450.00000000,2,1.00000000,450.00000000,1
17,3,590,2025,1,25,13,0,25,780,60,10142.93157487,406.30775172,1697.38306148,7035.81858438,81.05080020,452.77165797,2928.48469101,6628.68369868,0.00000000,8104.21332606,11.15220803,0.00000000,10262.55898393,0.00000000,1,1,2,1.00000000,450.00000000,2,1.00000000,450.00000000,1
17,3,591,2025,1,25,14,0,25,840,60,14732.09631210,481.74125488,1366.83438026,11848.16095700,62.46097961,532.89622020,3707.22380195,6994.98226932,0.00000000,7358.80752521,-9.86364819,0.00000000,8544.07418547,0.00000000,1,1,2,1.00000000,450.00000000,2,1.00000000,450.00000000,1
17,3,592,2025,1,25,15,0,25,900,60,12071.37898053,353.33190250,758.21363145,3330.56350133,-48.35929810,452.11962881,3451.34148408,3085.98335523,0.00000000,10387.35539785,-62.42508526,0.00000000,10622.17884218,0.00000000,1,1,2,1.00000000,450.00000000,2,1.00000000,450.00000000,1
17,3,593,2025,1,25,16,0,25,960,60,6189.60567076,165.33456140,242.31104170,10352.45536763,56.95967967,113.62241542,3155.78695006,6607.66250236,0.00000000,16851.21883489,12.32905341,0.00000000,9378.31433041,0.00000000,1,1,3,1.60000000,720.00000000,3,1.60000000,720.00000000,1
17,3,594,2025,1,25,17,0,25,1020,60,11840.43588523,351.63998039,34.43250285,13535.75423226,-17.29735390,-51.25106137,3333.24222883,12168.06801955,0.00000000,9928.86628170,46.70026612,0.00000000,6203.64939663,0.00000000,1,1,3,1.60000000,720.00000000,3,1.60000000,720.00000000,1
17,3,595,2025,1,25,18,0,25,1080,60,12398.55249800,259.18203126,214.07551563,9114.70971669,202.72311635,106.23617886,4135.12818555,8347.32067533,0.00000000,11663.82399304,10.52084289,0.00000000,8151.84905557,0.00000000,1,1,3,1.60000000,720.00000000,3,1.60000000,720.00000000,1
17,3,596,2025,1,25,19,0,25,1140,60,6189.11408754,286.24433387,-187.24581536,8726.08038887,1407.94169388,-44.54162474,1568.60048067,9314.36810773,0.00000000,9149.28563121,-19.85432910,0.00000000,7217.48990940,0.00000000,1,1,3,1.60000000,720.00000000,3,1.60000000,720.00000000,1
17,3,597,2025,1,25,20,0,25,1200,60,11768.50590719,227.26007786,-69.70396207,9505.10677418,1159.96238409,-156.29542546,209.32628107,8901.43544369,0.00000000,12554.90407649,19.71862723,0.00000000,11776.18707255,0.00000000,1,1,3,1.60000000,720.00000000,3,1.60000000,720.00000000,1
17,3,598,2025,1,25,21,0,25,1260,60,4949.77248564,369.61310227,418.81478341,8959.17227511,36.43915122,110.56995333,1150.59568682,9620.88904511,0.00000000,13243.30305660,132.29406756,0.00000000,7870.01152399,0.00000000,2,1,3,1.60000000,720.00000000,3,1.60000000,720.00000000,1
17,3,599,2025,1,25,22,0,25,1320,60,14431.26862520,280.58241445,8.43164190,11073.89124301,-173.55045843,65.98217334,533.94265273,9796.46667423,0.00000000,12380.11722776,9.27707496,0.00000000,3259.25873567,0.00000000,1,1,2,1.00000000,450.00000000,2,1.00000000,450.00000000,1
17,3,600,2025,1,25,23,0,25,1380,60,9860.21434233,390.96363978,63.85972933,7980.40912663,-7.97153746,47.85334354,900.39173879,7638.16804935,0.00000000,8748.57117856,1.96805996,0.00000000,8024.40218982,0.00000000,1,1,2,1.00000000,450.00000000,2,1.00000000,450.00000000,1
17,3,601,2025,1,26,0,0,26,0,60,8154.59424981,475.51843075,-221.10937599,5778.76004058,-136.10003120,46.05266922,1397.56647502,12201.51755501,0.00000000,7660.58492898,6.22734609,0.00000000,9627.74546497,0.00000000,1,1,1,0.40000000,180.00000000,1,0.40000000,180.00000000,1
17,3,602,2025,1,26,1,0,26,60,60,7651.72286220,499.43923524,-41.07471894,11311.08183579,26.45639047,-199.36604787,554.98497781,5527.90214347,0.00000000,9849.98454982,40.23173016,0.00000000,11095.20921309,0.00000000,1,1,1,0.40000000,180.00000000,1,0.40000000,180.00000000,1
17,3,603,2025,1,26,2,0,26,120,60,11469.01106928,372.01918046,357.37227634,16123.35591559,240.41888426,113.89210162,1313.67895281,4743.20599205,0.00000000,11839.60961126,-16.52366905,0.00000000,15610.24628200,0.00000000,1,1,1,0.40000000,180.00000000,1,0.40000000,180.00000000,1
17,3,604,2025,1,26,3,0,26,180,60,9366.35976797,490.05209707,282.95159799,12941.98954191,-174.70169314,130.53188856,550.42642507,10230.13823658,0.00000000,3727.21696411,53.99030927,0.00000000,3673.88966187,0.00000000,1,1,1,0.40000000,180.00000000,1,0.40000000,180.00000000,1
17,3,605,2025,1,26,4,0,26,240,60,10752.77811056,342.36665279,-274.77667008,8258.77577282,-144.86188564,-71.88232909,260.85779605,-534.44210729,0.00000000,7679.55843583,-2.65517513,0.00000000,4038.61509652,0.00000000,1,1,1,0.40000000,180.00000000,1,0.40000000,180.00000000,1
17,3,606,2025,1,26,5,0,26,300,60,6934.44491197,187.77675296,-659.77205173,13120.18084627,155.14082964,-29.75182176,-209.05323138,6486.97222898,0.00000000,11990.26140916,-40.91463205,0.00000000,12817.71665041,0.00000000,1,1,1,0.40000000,180.00000000,1,0.40000000,180.00000000,1
17,3,607,2025,1,26,6,0,26,360,60,10406.33967668,512.43928091,118.92555732,6051.63197647,-80.46879674,17.02798351,959.76560478,7894.15867327,0.00000000,8649.16065055,8.00247730,0.00000000,8980.28437667,0.00000000,1,1,1,0.40000000,180.00000000,1,0.40000000,180.00000000,1
17,3,608,2025,1,26,7,0,26,420,60,14505.49614907,521.67283854,-151.10443889,4942.21649474,-1.34262460,68.73959455,1008.29063298,8102.76231305,0.00000000,10620.49047926,-28.33637971,0.00000000,7110.89830124,0.00000000,1,1,1,0.40000000,180.00000000,1,0.40000000,180.00000000,1
17,3,609,2025,1,26,8,0,26,480,60,12090.96960031,695.05204021,158.81739257,12917.42441380,-168.38048837,-60.41668169,770.93408685,10906.78937279,0.00000000,8502.98289767,-44.46755554,0.00000000,4517.64608834,0.00000000,1,1,2,1.00000000,450.00000000,2,1.00000000,450.00000000,1
17,3,610,2025,1,26,9,0,26,540,60,14682.04895086,659.29903625,553.09223486,6416.15698537,43.07309417,225.09697789,89.29047423,7377.05027954,0.00000000,6978.66888755,-16.19459460,0.00000000,7985.51595429,0.00000000,1,1,2,1.00000000,450.00000000,2,1.00000000,450.00000000,1
17,3,611,2025,1,26,10,0,26,600,60,11285.56206277,500.86548765,2101.19540234,7855.20032057,-112.97366327,-151.86467341,402.34267313,9241.92975667,0.00000000,4441.04467971,-16.79852661,0.00000000,12824.02617171,0.00000000,1,1,3,1.60000000,720.00000000,3,1.60000000,720.00000000,1
17,3,612,2025,1,26,11,0,26,660,60,11143.93502704,500.07562561,1345.59512221,10021.67927627,86.61314242,581.31548576,1388.02360011,8820.88037039,0.00000000,9295.99304795,25.81542682,0.00000000,8381.40375641,0.00000000,1,1,3,1.60000000,720.00000000,3,1.60000000,720.00000000,1
17,3,613,2025,1,26,12,0,26,720,60,7630.95025045,684.69110277,1332.16287110,7723.69169454,133.92016622,657.64981570,610.41943906,4453.48335897,0.00000000,17096.89266176,11.62714732,0.00000000,6511.92004348,0.00000000,1,1,2,1.00000000,450.00000000,2,1.00000000,450.00000000,1
17,3,614,2025,1,26,13,0,26,780,60,11129.00843896,531.99222661,881.13057437,9480.53271687,25.48413028,734.96260084,2078.07862201,7702.87415818,0.00000000,9830.21309300,-12.68135410,0.00000000,7606.35070382,0.00000000,1,1,2,1.00000000,450.00000000,2,1.00000000,450.00000000,1
17,3,615,2025,1,26,14,0,26,840,60,5558.66844800,615.25486075,861.35800362,6107.77633843,-139.82744863,393.81396164,2680.88897043,5969.11453582,0.00000000,19435.51285772,22.90834411,0.00000000,9403.98223884,0.00000000,1,1,2,1.00000000,450.00000000,2,1.00000000,450.00000000,1
17,3,616,2025,1,26,15,0,26,900,60,5397.69816351,545.60004338,679.87593190,7553.73138032,-155.88997152,421.98257266,3360.53891504,11720.99126306,0.00000000,8356.08005115,56.24054099,0.00000000,8811.32176631,0.00000000,1,1,2,1.00000000,450.00000000,2,1.00000000,450.00000000,1
17,3,617,2025,1,26,16,0,26,960,60,12032.22659538,291.35025895,264.54175745,4062.74996333,-75.84944517,40.69562476,2784.46222269,4833.30689496,0.00000000,5090.77245639,38.72591768,0.00000000,9870.95623265,0.00000000,1,1,3,1.60000000,720.00000000,3,1.60000000,720.00000000,1
17,3,618,2025,1,26,17,0,26,1020,60,10399.93525913,389.71756184,117.36408336,7288.38555214,66.24739390,-115.02211799,2956.41752050,6645.26623560,0.00000000,14240.57403715,-10.01972116,0.00000000,10258.84663908,0.00000000,1,1,3,1.60000000,720.00000000,3,1.60000000,720.00000000,1
17,3,619,2025,1,26,18,0,26,1080,60,6616.54593433,334.98251649,-29.88481743,15551.88747686,268.15771744,-66.87830781,3486.53134394,3661.97227031,0.00000000,5581.67642026,-22.79671698,0.00000000,9660.11461703,0.00000000,1,1,3,1.60000000,720.00000000,3,1.60000000,720.00000000,1
17,3,620,2025,1,26,19,0,26,1140,60,12643.69990826,364.18796925,262.49807477,8345.94276402,1166.75417948,-51.37015314,2027.39930654,6576.64350026,0.00000000,11405.93416668,-28.62641167,0.00000000,11003.15466112,0.00000000,1,1,3,1.60000000,720.00000000,3,1.60000000,720.00000000,1
17,3,621,2025,1,26,20,0,26,1200,60,9586.23334187,38.93244214,131.25301746,3157.39658280,1202.23042037,-111.33283681,485.26741664,8641.85737176,0.00000000,11194.60350604,63.82696584,0.00000000,10463.88193170,0.00000000,1,1,3,1.60000000,720.00000000,3,1.60000000,720.00000000,1
17,3,622,2025,1,26,21,0,26,1260,60,6228.22524048,299.16050148,7.40959261,9087.21575833,30.68282845,102.03628849,684.79124041,6697.28018676,0.00000000,7991.15758692,15.28836337,0.00000000,8539.52201432,0.00000000,1,1,3,1.60000000,720.00000000,3,1.60000000,720.00000000,1
17,3,623,2025,1,26,22,0,26,1320,60,15078.16620852,377.55774247,684.74228822,9256.68522578,64.39254799,-118.92347264,95.36381132,9554.89977182,0.00000000,6276.62808286,-23.15271498,0.00000000,9655.81541708,0.00000000,1,1,2,1.00000000,450.00000000,2,1.00000000,450.00000000,1
17,3,624,2025,1,26,23,0,26,1380,60,12319.03849839,262.03811305,-535.66047224,13967.52406971,90.46397704,-140.89670550,-98.21765335,9433.62287442,0.00000000,7921.22284265,-16.33148973,0.00000000,9651.28251955,0.00000000,1,1,2,1.00000000,450.00000000,2,1.00000000,450.00000000,1
17,3,625,2025,1,27,0,0,27,0,60,13084.54660504,573.71192762,284.26361326,1253.16407651,-32.55103560,-294.00756572,290.30340443,14787.57096128,0.00000000,10524.42731024,3.38946042,0.00000000,6167.02829482,0.00000000,1,1,1,0.40000000,180.00000000,1,0.40000000,180.00000000,1
17,3,626,2025,1,27,1,0,27,60,60,6688.51321980,504.77605124,-296.34707295,13656.84216705,33.50351164,136.72155959,323.96233815,9671.20516204,0.00000000,6581.08174107,1.65764301,0.00000000,9697.37503038,0.00000000,1,1,1,0.40000000,180.00000000,1,0.40000000,180.00000000,1
17,3,627,2025,1,27,2,0,27,120,60,16173.73860157,604.21559801,-613.70172985,888.55579571,153.70680759,-28.88169252,316.01197506,7052.52764226,0.00000000,9991.22569327,-4.39949496,0.00000000,15004.01317090,0.00000000,1,1,1,0.40000000,180.00000000,1,0.40000000,180.00000000,1
17,3,628,2025,1,27,3,0,27,180,60,6266.28315059,516.68067873,-321.15178865,9888.58629790,323.68056473,16.89268750,863.79238927,8257.58855886,0.00000000,5540.40910000,18.68388485,0.00000000,18864.56573813,0.00000000,1,1,1,0.40000000,180.00000000,1,0.40000000,180.00000000,1
17,3,629,2025,1,27,4,0,27,240,60,4239.50139174,691.49568117,-26.79151673,10207.82770286,207.34934101,-45.40449434,114.95921219,7051.39250643,0.00000000,7543.37224146,-6.83273964,0.00000000,13301.57500183,0.00000000,1,1,1,0.40000000,180.00000000,1,0.40000000,180.00000000,1
17,3,630,2025,1,27,5,0,27,300,60,12632.49318019,387.49621284,-124.36868644,8927.01117943,-167.21242258,-138.91497399,618.34179760,12252.35271081,0.00000000,7557.68243581,-40.32153388,0.00000000,12429.41858769,0.00000000,1,1,1,0.40000000,180.00000000,1,0.40000000,180.00000000,1
17,3,631,2025,1,27,6,0,27,360,60,7355.94079727,519.94083497,-612.98392313,3164.76612073,-2.05752076,283.67190840,413.61848262,6173.94361478,0.00000000,6612.11218892,-2.19903668,0.00000000,6988.35155289,0.00000000,1,1,1,0.40000000,180.00000000,1,0.40000000,180.00000000,1
17,3,632,2025,1,27,7,0,27,420,60,7955.45757705,509.19114954,319.63536342,8073.73298981,-82.92987749,-63.08448333,463.64308761,9055.56580650,0.00000000,15278.64447532,-15.06604687,0.00000000,7970.32892473,0.00000000,1,1,1,0.40000000,180.00000000,1,0.40000000,180.00000000,1
17,3,633,2025,1,27,8,0,27,480,60,10196.51395691,770.56409893,385.56645766,7309.25622841,147.79610050,-18.44851583,-405.41220321,3699.35700919,0.00000000,6520.22947470,61.67932389,0.00000000,17751.02047600,0.00000000,1,1,2,1.00000000,450.00000000,2,1.00000000,450.00000000,1
17,3,634,2025,1,27,9,0,27,540,60,5147.06242261,304.87750621,974.73932001,13157.70473566,-42.24984951,-101.99058267,438.65793150,6158.44885693,0.00000000,10484.99315230,5.86704796,0.00000000,10031.51052486,0.00000000,1,1,2,1.00000000,450.00000000,2,1.00000000,450.00000000,1
