Time index,Year,Month,Day,Hour,Minute,Day of year,Minute of day,Time resolution_min,Load power_MW,Wind power_MW,PV power_MW,Hydropower output_MW,Pumped-storage generation_MW,Pumped-storage pumping_MW,Stored energy_MWh,Net load_MW,Curtailment_MW,Total supply_MW,Power deficit_MW,Power surplus_MW,Total supply with slack_MW,Power-balance error_MW,Power-deficit flag,Scenario index,TOU season code,General TOU period code,General TOU relative-price index,General TOU tariff_CNY_per_MWh,Yalong River proxy TOU period code,Yalong River proxy relative-price index,Yalong River proxy tariff_CNY_per_MWh,Tariff-policy applicability code
1,2025,1,15,0,0,15,0,60,9744.29000000,264.57000000,0.00000000,9479.72000000,0.00000000,0.00000000,1098.77000000,9479.72000000,0.00000000,9744.29000000,0.00000000,0.00000000,9744.29000000,0.00000000,1,1,1,1,0.40000000,180.00000000,1,0.40000000,180.00000000,1
2,2025,1,15,1,0,15,60,60,9661.38000000,281.38000000,0.00000000,9380.00000000,0.00000000,0.00000000,1098.77000000,9380.00000000,0.00000000,9661.38000000,0.00000000,0.00000000,9661.38000000,0.00000000,1,1,1,1,0.40000000,180.00000000,1,0.40000000,180.00000000,1
3,2025,1,15,2,0,15,120,60,9600.03000000,302.41000000,0.00000000,9297.61000000,0.00000000,0.00000000,1098.77000000,9297.61000000,0.00000000,9600.02000000,0.01000000,0.00000000,9600.03000000,0.00000000,2,1,1,1,0.40000000,180.00000000,1,0.40000000,180.00000000,1
4,2025,1,15,3,0,15,180,60,9585.41000000,326.56000000,0.00000000,9258.85000000,0.00000000,0.00000000,1098.77000000,9258.85000000,0.00000000,9585.41000000,0.00000000,0.00000000,9585.41000000,0.00000000,1,1,1,1,0.40000000,180.00000000,1,0.40000000,180.00000000,1
5,2025,1,15,4,0,15,240,60,9635.44000000,352.54000000,0.00000000,9282.90000000,0.00000000,0.00000000,1098.77000000,9282.90000000,0.00000000,9635.44000000,0.00000000,0.00000000,9635.44000000,0.00000000,1,1,1,1,0.40000000,180.00000000,1,0.40000000,180.00000000,1
6,2025,1,15,5,0,15,300,60,9754.84000000,378.98000000,0.00000000,9375.86000000,0.00000000,0.00000000,1098.77000000,9375.86000000,0.00000000,9754.84000000,0.00000000,0.00000000,9754.84000000,0.00000000,1,1,1,1,0.40000000,180.00000000,1,0.40000000,180.00000000,1
7,2025,1,15,6,0,15,360,60,9930.98000000,404.51000000,0.00000000,9526.47000000,0.00000000,0.00000000,1098.77000000,9526.47000000,0.00000000,9930.98000000,0.00000000,0.00000000,9930.98000000,0.00000000,1,1,1,1,0.40000000,180.00000000,1,0.40000000,180.00000000,1
8,2025,1,15,7,0,15,420,60,10129.37000000,427.81000000,0.36000000,9701.19000000,0.00000000,0.00000000,1098.77000000,9701.19000000,0.00000000,10129.36000000,0.01000000,0.00000000,10129.37000000,0.00000000,2,1,1,1,0.40000000,180.00000000,1,0.40000000,180.00000000,1
9,2025,1,15,8,0,15,480,60,10296.32000000,447.77000000,255.26000000,9593.29000000,0.00000000,0.00000000,1098.77000000,9593.29000000,0.00000000,10296.32000000,0.00000000,0.00000000,10296.32000000,0.00000000,1,1,1,2,1.00000000,450.00000000,2,1.00000000,450.00000000,1
10,2025,1,15,9,0,15,540,60,10379.88000000,463.48000000,632.12000000,9284.28000000,0.00000000,0.00000000,1098.77000000,9284.28000000,0.00000000,10379.88000000,0.00000000,0.00000000,10379.88000000,0.00000000,1,1,1,2,1.00000000,450.00000000,2,1.00000000,450.00000000,1
11,2025,1,15,10,0,15,600,60,10361.47000000,474.33000000,1049.19000000,8837.96000000,0.00000000,0.00000000,1098.77000000,8837.96000000,0.00000000,10361.48000000,0.00000000,0.01000000,10361.48000000,0.00000000,1,1,1,3,1.60000000,720.00000000,3,1.60000000,720.00000000,1
12,2025,1,15,11,0,15,660,60,10269.31000000,480.04000000,1384.69000000,9010.76000000,0.00000000,606.17000000,1632.20000000,8404.59000000,0.00000000,10269.32000000,0.00000000,0.01000000,10269.32000000,0.00000000,1,1,1,3,1.60000000,720.00000000,3,1.60000000,720.00000000,1
13,2025,1,15,12,0,15,720,60,10157.14000000,480.65000000,1464.27000000,8838.28000000,0.00000000,626.07000000,2183.14000000,8212.21000000,0.00000000,10157.13000000,0.01000000,0.00000000,10157.14000000,0.00000000,2,1,1,2,1.00000000,450.00000000,2,1.00000000,450.00000000,1
14,2025,1,15,13,0,15,780,60,10069.69000000,476.55000000,1288.29000000,8886.93000000,0.00000000,582.07000000,2695.36000000,8304.85000000,0.00000000,10069.70000000,0.00000000,0.01000000,10069.70000000,0.00000000,1,1,1,2,1.00000000,450.00000000,2,1.00000000,450.00000000,1
15,2025,1,15,14,0,15,840,60,10028.39000000,468.42000000,1002.01000000,9068.46000000,0.00000000,510.50000000,3144.60000000,8557.96000000,0.00000000,10028.39000000,0.00000000,0.00000000,10028.39000000,0.00000000,1,1,1,2,1.00000000,450.00000000,2,1.00000000,450.00000000,1
16,2025,1,15,15,0,15,900,60,10044.43000000,457.18000000,661.88000000,9350.85000000,0.00000000,425.47000000,3519.02000000,8925.38000000,0.00000000,10044.44000000,0.00000000,0.01000000,10044.44000000,0.00000000,1,1,1,2,1.00000000,450.00000000,2,1.00000000,450.00000000,1
17,2025,1,15,16,0,15,960,60,10136.35000000,443.92000000,274.37000000,9418.06000000,0.00000000,0.00000000,3519.02000000,9418.06000000,0.00000000,10136.35000000,0.00000000,0.00000000,10136.35000000,0.00000000,1,1,1,3,1.60000000,720.00000000,3,1.60000000,720.00000000,1
18,2025,1,15,17,0,15,1020,60,10322.39000000,429.84000000,0.36000000,9892.19000000,0.00000000,0.00000000,3519.02000000,9892.19000000,0.00000000,10322.39000000,0.00000000,0.00000000,10322.39000000,0.00000000,1,1,1,3,1.60000000,720.00000000,3,1.60000000,720.00000000,1
19,2025,1,15,18,0,15,1080,60,10581.32000000,416.14000000,0.00000000,9936.00000000,0.00000000,0.00000000,3519.02000000,10165.18000000,0.00000000,10352.14000000,229.18000000,0.00000000,10581.32000000,0.00000000,2,1,1,3,1.60000000,720.00000000,3,1.60000000,720.00000000,1
20,2025,1,15,19,0,15,1140,60,10822.16000000,403.96000000,0.00000000,9218.20000000,1200.00000000,0.00000000,2155.38000000,10418.20000000,0.00000000,10822.16000000,0.00000000,0.00000000,10822.16000000,0.00000000,1,1,1,3,1.60000000,720.00000000,3,1.60000000,720.00000000,1
21,2025,1,15,20,0,15,1200,60,10922.04000000,394.28000000,0.00000000,9327.76000000,1200.00000000,0.00000000,791.74000000,10527.76000000,0.00000000,10922.04000000,0.00000000,0.00000000,10922.04000000,0.00000000,1,1,1,3,1.60000000,720.00000000,3,1.60000000,720.00000000,1
22,2025,1,15,21,0,15,1260,60,10822.13000000,387.84000000,0.00000000,9936.00000000,0.00000000,0.00000000,791.74000000,10434.29000000,0.00000000,10323.84000000,498.29000000,0.00000000,10822.13000000,0.00000000,2,1,1,3,1.60000000,720.00000000,3,1.60000000,720.00000000,1
23,2025,1,15,22,0,15,1320,60,10581.16000000,385.13000000,0.00000000,9936.00000000,0.00000000,0.00000000,791.74000000,10196.02000000,0.00000000,10321.13000000,260.03000000,0.00000000,10581.16000000,0.00000000,2,1,1,2,1.00000000,450.00000000,2,1.00000000,450.00000000,1
24,2025,1,15,23,0,15,1380,60,10321.52000000,386.33000000,0.00000000,9935.19000000,0.00000000,0.00000000,791.74000000,9935.19000000,0.00000000,10321.52000000,0.00000000,0.00000000,10321.52000000,0.00000000,1,1,1,2,1.00000000,450.00000000,2,1.00000000,450.00000000,1
25,2025,4,15,0,0,105,0,60,8750.58000000,191.32000000,0.00000000,8559.25000000,0.00000000,0.00000000,1208.85000000,8559.25000000,0.00000000,8750.57000000,0.01000000,0.00000000,8750.58000000,0.00000000,2,2,2,1,0.40000000,180.00000000,1,0.40000000,180.00000000,1
26,2025,4,15,1,0,105,60,60,8667.67000000,210.92000000,0.00000000,8456.75000000,0.00000000,0.00000000,1208.85000000,8456.75000000,0.00000000,8667.67000000,0.00000000,0.00000000,8667.67000000,0.00000000,1,2,2,1,0.40000000,180.00000000,1,0.40000000,180.00000000,1
27,2025,4,15,2,0,105,120,60,8606.32000000,234.23000000,0.00000000,8372.09000000,0.00000000,0.00000000,1208.85000000,8372.09000000,0.00000000,8606.32000000,0.00000000,0.00000000,8606.32000000,0.00000000,1,2,2,1,0.40000000,180.00000000,1,0.40000000,180.00000000,1
28,2025,4,15,3,0,105,180,60,8591.70000000,260.11000000,0.00000000,8331.59000000,0.00000000,0.00000000,1208.85000000,8331.59000000,0.00000000,8591.70000000,0.00000000,0.00000000,8591.70000000,0.00000000,1,2,2,1,0.40000000,180.00000000,1,0.40000000,180.00000000,1
29,2025,4,15,4,0,105,240,60,8641.73000000,287.26000000,0.00000000,8354.46000000,0.00000000,0.00000000,1208.85000000,8354.46000000,0.00000000,8641.72000000,0.01000000,0.00000000,8641.73000000,0.00000000,2,2,2,1,0.40000000,180.00000000,1,0.40000000,180.00000000,1
30,2025,4,15,5,0,105,300,60,8761.13000000,314.29000000,0.00000000,8446.84000000,0.00000000,0.00000000,1208.85000000,8446.84000000,0.00000000,8761.13000000,0.00000000,0.00000000,8761.13000000,0.00000000,1,2,2,1,0.40000000,180.00000000,1,0.40000000,180.00000000,1
31,2025,4,15,6,0,105,360,60,8937.27000000,339.82000000,100.38000000,8497.07000000,0.00000000,0.00000000,1208.85000000,8497.07000000,0.00000000,8937.27000000,0.00000000,0.00000000,8937.27000000,0.00000000,1,2,2,1,0.40000000,180.00000000,1,0.40000000,180.00000000,1
32,2025,4,15,7,0,105,420,60,9135.66000000,362.54000000,514.89000000,8258.23000000,0.00000000,0.00000000,1208.85000000,8258.23000000,0.00000000,9135.66000000,0.00000000,0.00000000,9135.66000000,0.00000000,1,2,2,1,0.40000000,180.00000000,1,0.40000000,180.00000000,1
33,2025,4,15,8,0,105,480,60,9302.61000000,381.32000000,987.88000000,7933.41000000,0.00000000,0.00000000,1208.85000000,7933.41000000,0.00000000,9302.61000000,0.00000000,0.00000000,9302.61000000,0.00000000,1,2,2,2,1.00000000,450.00000000,2,1.00000000,450.00000000,1
34,2025,4,15,9,0,105,540,60,9386.17000000,395.30000000,1461.40000000,7529.47000000,0.00000000,0.00000000,1208.85000000,7529.47000000,0.00000000,9386.17000000,0.00000000,0.00000000,9386.17000000,0.00000000,1,2,2,2,1.00000000,450.00000000,2,1.00000000,450.00000000,1
35,2025,4,15,10,0,105,600,60,9367.76000000,403.87000000,1947.54000000,7016.36000000,0.00000000,0.00000000,1208.85000000,7016.36000000,0.00000000,9367.77000000,0.00000000,0.01000000,9367.77000000,0.00000000,1,2,2,3,1.60000000,720.00000000,3,1.60000000,720.00000000,1
36,2025,4,15,11,0,105,660,60,9275.60000000,406.79000000,2317.31000000,7390.83000000,0.00000000,839.33000000,1947.46000000,6551.50000000,0.00000000,9275.60000000,0.00000000,0.00000000,9275.60000000,0.00000000,1,2,2,3,1.60000000,720.00000000,3,1.60000000,720.00000000,1
37,2025,4,15,12,0,105,720,60,9163.43000000,404.15000000,2385.05000000,7230.48000000,0.00000000,856.26000000,2700.97000000,6374.22000000,0.00000000,9163.42000000,0.01000000,0.00000000,9163.43000000,0.00000000,2,2,2,2,1.00000000,450.00000000,2,1.00000000,450.00000000,1
38,2025,4,15,13,0,105,780,60,9075.98000000,396.38000000,2176.04000000,7307.58000000,0.00000000,804.01000000,3408.50000000,6503.57000000,0.00000000,9075.99000000,0.00000000,0.01000000,9075.99000000,0.00000000,1,2,2,2,1.00000000,450.00000000,2,1.00000000,450.00000000,1
39,2025,4,15,14,0,105,840,60,9034.69000000,384.20000000,1871.28000000,7507.02000000,0.00000000,727.82000000,4048.98000000,6779.20000000,0.00000000,9034.68000000,0.01000000,0.00000000,9034.69000000,0.00000000,2,2,2,2,1.00000000,450.00000000,2,1.00000000,450.00000000,1
40,2025,4,15,15,0,105,900,60,9050.72000000,368.59000000,1520.95000000,7801.41000000,0.00000000,640.24000000,4612.39000000,7161.18000000,0.00000000,9050.71000000,0.01000000,0.00000000,9050.72000000,0.00000000,2,2,2,2,1.00000000,450.00000000,2,1.00000000,450.00000000,1
41,2025,4,15,16,0,105,960,60,9142.64000000,350.72000000,1052.02000000,7739.90000000,0.00000000,0.00000000,4612.39000000,7739.90000000,0.00000000,9142.64000000,0.00000000,0.00000000,9142.64000000,0.00000000,1,2,2,2,1.00000000,450.00000000,2,1.00000000,450.00000000,1
42,2025,4,15,17,0,105,1020,60,9328.68000000,331.83000000,514.89000000,8481.96000000,0.00000000,0.00000000,4612.39000000,8481.96000000,0.00000000,9328.68000000,0.00000000,0.00000000,9328.68000000,0.00000000,1,2,2,3,1.60000000,720.00000000,3,1.60000000,720.00000000,1
43,2025,4,15,18,0,105,1080,60,9587.61000000,313.20000000,94.26000000,9180.15000000,0.00000000,0.00000000,4612.39000000,9180.15000000,0.00000000,9587.61000000,0.00000000,0.00000000,9587.61000000,0.00000000,1,2,2,3,1.60000000,720.00000000,3,1.60000000,720.00000000,1
44,2025,4,15,19,0,105,1140,60,9828.45000000,296.04000000,0.00000000,8332.41000000,1200.00000000,0.00000000,3248.75000000,9532.41000000,0.00000000,9828.45000000,0.00000000,0.00000000,9828.45000000,0.00000000,1,2,2,3,1.60000000,720.00000000,3,1.60000000,720.00000000,1
45,2025,4,15,20,0,105,1200,60,9928.33000000,281.40000000,0.00000000,8446.93000000,1200.00000000,0.00000000,1885.12000000,9646.93000000,0.00000000,9928.33000000,0.00000000,0.00000000,9928.33000000,0.00000000,1,2,2,3,1.60000000,720.00000000,3,1.60000000,720.00000000,1
46,2025,4,15,21,0,105,1260,60,9828.42000000,270.08000000,0.00000000,8358.34000000,1200.00000000,0.00000000,521.48000000,9558.34000000,0.00000000,9828.42000000,0.00000000,0.00000000,9828.42000000,0.00000000,1,2,2,3,1.60000000,720.00000000,3,1.60000000,720.00000000,1
47,2025,4,15,22,0,105,1320,60,9587.45000000,262.66000000,0.00000000,9324.79000000,0.00000000,0.00000000,521.48000000,9324.79000000,0.00000000,9587.45000000,0.00000000,0.00000000,9587.45000000,0.00000000,1,2,2,1,0.40000000,180.00000000,1,0.40000000,180.00000000,1
48,2025,4,15,23,0,105,1380,60,9327.81000000,259.35000000,0.00000000,9068.46000000,0.00000000,0.00000000,521.48000000,9068.46000000,0.00000000,9327.81000000,0.00000000,0.00000000,9327.81000000,0.00000000,1,2,2,1,0.40000000,180.00000000,1,0.40000000,180.00000000,1
49,2025,7,15,0,0,196,0,60,9023.57000000,165.66000000,0.00000000,8857.91000000,0.00000000,0.00000000,845.73000000,8857.91000000,0.00000000,9023.57000000,0.00000000,0.00000000,9023.57000000,0.00000000,1,3,3,2,1.00000000,450.00000000,2,1.00000000,450.00000000,2
50,2025,7,15,1,0,196,60,60,8940.66000000,183.88000000,0.00000000,8756.78000000,0.00000000,0.00000000,845.73000000,8756.78000000,0.00000000,8940.66000000,0.00000000,0.00000000,8940.66000000,0.00000000,1,3,3,1,0.40000000,180.00000000,1,0.40000000,180.00000000,2
51,2025,7,15,2,0,196,120,60,8879.31000000,204.91000000,0.00000000,8674.40000000,0.00000000,0.00000000,845.73000000,8674.40000000,0.00000000,8879.31000000,0.00000000,0.00000000,8879.31000000,0.00000000,1,3,3,1,0.40000000,180.00000000,1,0.40000000,180.00000000,2
52,2025,7,15,3,0,196,180,60,8864.69000000,227.65000000,0.00000000,8637.04000000,0.00000000,0.00000000,845.73000000,8637.04000000,0.00000000,8864.69000000,0.00000000,0.00000000,8864.69000000,0.00000000,1,3,3,1,0.40000000,180.00000000,1,0.40000000,180.00000000,2
53,2025,7,15,4,0,196,240,60,8914.72000000,250.84000000,0.00000000,8663.88000000,0.00000000,0.00000000,845.73000000,8663.88000000,0.00000000,8914.72000000,0.00000000,0.00000000,8914.72000000,0.00000000,1,3,3,1,0.40000000,180.00000000,1,0.40000000,180.00000000,2
54,2025,7,15,5,0,196,300,60,9034.12000000,273.14000000,0.03000000,8760.95000000,0.00000000,0.00000000,845.73000000,8760.95000000,0.00000000,9034.12000000,0.00000000,0.00000000,9034.12000000,0.00000000,1,3,3,1,0.40000000,180.00000000,1,0.40000000,180.00000000,2
55,2025,7,15,6,0,196,360,60,9210.26000000,293.24000000,308.92000000,8608.10000000,0.00000000,0.00000000,845.73000000,8608.10000000,0.00000000,9210.26000000,0.00000000,0.00000000,9210.26000000,0.00000000,1,3,3,1,0.40000000,180.00000000,1,0.40000000,180.00000000,2
56,2025,7,15,7,0,196,420,60,9408.65000000,309.91000000,770.45000000,8328.29000000,0.00000000,0.00000000,845.73000000,8328.29000000,0.00000000,9408.65000000,0.00000000,0.00000000,9408.65000000,0.00000000,1,3,3,2,1.00000000,450.00000000,2,1.00000000,450.00000000,2
57,2025,7,15,8,0,196,480,60,9575.60000000,322.11000000,1280.82000000,7972.67000000,0.00000000,0.00000000,845.73000000,7972.67000000,0.00000000,9575.60000000,0.00000000,0.00000000,9575.60000000,0.00000000,1,3,3,2,1.00000000,450.00000000,2,1.00000000,450.00000000,2
58,2025,7,15,9,0,196,540,60,9659.16000000,329.05000000,1857.75000000,7472.36000000,0.00000000,0.00000000,845.73000000,7472.36000000,0.00000000,9659.16000000,0.00000000,0.00000000,9659.16000000,0.00000000,1,3,3,2,1.00000000,450.00000000,2,1.00000000,450.00000000,2
59,2025,7,15,10,0,196,600,60,9640.75000000,330.24000000,2379.72000000,6930.79000000,0.00000000,0.00000000,845.73000000,6930.79000000,0.00000000,9640.75000000,0.00000000,0.00000000,9640.75000000,0.00000000,1,3,3,2,1.00000000,450.00000000,2,1.00000000,450.00000000,2
60,2025,7,15,11,0,196,660,60,9548.59000000,325.54000000,2625.99000000,7513.56000000,0.00000000,916.50000000,1652.25000000,6597.06000000,0.00000000,9548.59000000,0.00000000,0.00000000,9548.59000000,0.00000000,1,3,3,3,1.60000000,720.00000000,3,1.60000000,720.00000000,2
61,2025,7,15,12,0,196,720,60,9436.42000000,315.14000000,2583.47000000,7443.67000000,0.00000000,905.87000000,2449.41000000,6537.81000000,0.00000000,9436.41000000,0.01000000,0.00000000,9436.42000000,0.00000000,2,3,3,3,1.60000000,720.00000000,3,1.60000000,720.00000000,2
62,2025,7,15,13,0,196,780,60,9348.97000000,299.58000000,2448.13000000,7473.29000000,0.00000000,872.03000000,3216.80000000,6601.26000000,0.00000000,9348.97000000,0.00000000,0.00000000,9348.97000000,0.00000000,1,3,3,4,1.92000000,864.00000000,3,1.60000000,720.00000000,2
63,2025,7,15,14,0,196,840,60,9307.67000000,279.70000000,2281.68000000,7576.72000000,0.00000000,830.42000000,3947.57000000,6746.30000000,0.00000000,9307.68000000,0.00000000,0.01000000,9307.68000000,0.00000000,1,3,3,3,1.60000000,720.00000000,3,1.60000000,720.00000000,2
64,2025,7,15,15,0,196,900,60,9323.71000000,256.57000000,1937.58000000,7873.95000000,0.00000000,744.39000000,4602.64000000,7129.56000000,0.00000000,9323.71000000,0.00000000,0.00000000,9323.71000000,0.00000000,1,3,3,3,1.60000000,720.00000000,3,1.60000000,720.00000000,2
65,2025,7,15,16,0,196,960,60,9415.63000000,231.48000000,1373.87000000,7810.28000000,0.00000000,0.00000000,4602.64000000,7810.28000000,0.00000000,9415.63000000,0.00000000,0.00000000,9415.63000000,0.00000000,1,3,3,3,1.60000000,720.00000000,3,1.60000000,720.00000000,2
66,2025,7,15,17,0,196,1020,60,9601.67000000,205.77000000,770.45000000,8625.45000000,0.00000000,0.00000000,4602.64000000,8625.45000000,0.00000000,9601.67000000,0.00000000,0.00000000,9601.67000000,0.00000000,1,3,3,3,1.60000000,720.00000000,3,1.60000000,720.00000000,2
67,2025,7,15,18,0,196,1080,60,9860.60000000,180.81000000,288.00000000,9391.79000000,0.00000000,0.00000000,4602.64000000,9391.79000000,0.00000000,9860.60000000,0.00000000,0.00000000,9860.60000000,0.00000000,1,3,3,2,1.00000000,450.00000000,2,1.00000000,450.00000000,2
68,2025,7,15,19,0,196,1140,60,10101.44000000,157.90000000,0.03000000,8743.51000000,1200.00000000,0.00000000,3239.00000000,9943.51000000,0.00000000,10101.44000000,0.00000000,0.00000000,10101.44000000,0.00000000,1,3,3,2,1.00000000,450.00000000,2,1.00000000,450.00000000,2
69,2025,7,15,20,0,196,1200,60,10201.32000000,138.17000000,0.00000000,8863.15000000,1200.00000000,0.00000000,1875.36000000,10063.15000000,0.00000000,10201.32000000,0.00000000,0.00000000,10201.32000000,0.00000000,1,3,3,3,1.60000000,720.00000000,3,1.60000000,720.00000000,2
70,2025,7,15,21,0,196,1260,60,10101.41000000,122.51000000,0.00000000,8778.91000000,1200.00000000,0.00000000,511.73000000,9978.91000000,0.00000000,10101.42000000,0.00000000,0.01000000,10101.42000000,0.00000000,1,3,3,4,1.92000000,864.00000000,3,1.60000000,720.00000000,2
71,2025,7,15,22,0,196,1320,60,9860.44000000,111.52000000,0.00000000,9748.91000000,0.00000000,0.00000000,511.73000000,9748.91000000,0.00000000,9860.43000000,0.01000000,0.00000000,9860.44000000,0.00000000,2,3,3,4,1.92000000,864.00000000,3,1.60000000,720.00000000,2
72,2025,7,15,23,0,196,1380,60,9600.80000000,105.51000000,0.00000000,9495.30000000,0.00000000,0.00000000,511.73000000,9495.30000000,0.00000000,9600.81000000,0.00000000,0.01000000,9600.81000000,0.00000000,1,3,3,2,1.00000000,450.00000000,2,1.00000000,450.00000000,2
73,2025,10,15,0,0,288,0,60,10037.05000000,455.30000000,0.00000000,9581.75000000,0.00000000,0.00000000,629.59000000,9581.75000000,0.00000000,10037.05000000,0.00000000,0.00000000,10037.05000000,0.00000000,1,4,2,1,0.40000000,180.00000000,1,0.40000000,180.00000000,2
74,2025,10,15,1,0,288,60,60,9954.15000000,463.54000000,0.00000000,9490.61000000,0.00000000,0.00000000,629.59000000,9490.61000000,0.00000000,9954.15000000,0.00000000,0.00000000,9954.15000000,0.00000000,1,4,2,1,0.40000000,180.00000000,1,0.40000000,180.00000000,2
75,2025,10,15,2,0,288,120,60,9892.79000000,474.33000000,0.00000000,9418.46000000,0.00000000,0.00000000,629.59000000,9418.46000000,0.00000000,9892.79000000,0.00000000,0.00000000,9892.79000000,0.00000000,1,4,2,1,0.40000000,180.00000000,1,0.40000000,180.00000000,2
76,2025,10,15,3,0,288,180,60,9878.18000000,486.72000000,0.00000000,9391.45000000,0.00000000,0.00000000,629.59000000,9391.45000000,0.00000000,9878.17000000,0.01000000,0.00000000,9878.18000000,0.00000000,2,4,2,1,0.40000000,180.00000000,1,0.40000000,180.00000000,2
77,2025,10,15,4,0,288,240,60,9928.20000000,499.60000000,0.00000000,9428.60000000,0.00000000,0.00000000,629.59000000,9428.60000000,0.00000000,9928.20000000,0.00000000,0.00000000,9928.20000000,0.00000000,1,4,2,1,0.40000000,180.00000000,1,0.40000000,180.00000000,2
78,2025,10,15,5,0,288,300,60,10047.60000000,511.77000000,0.00000000,9535.83000000,0.00000000,0.00000000,629.59000000,9535.83000000,0.00000000,10047.60000000,0.00000000,0.00000000,10047.60000000,0.00000000,1,4,2,1,0.40000000,180.00000000,1,0.40000000,180.00000000,2
79,2025,10,15,6,0,288,360,60,10223.74000000,522.06000000,0.00000000,9701.68000000,0.00000000,0.00000000,629.59000000,9701.68000000,0.00000000,10223.74000000,0.00000000,0.00000000,10223.74000000,0.00000000,1,4,2,1,0.40000000,180.00000000,1,0.40000000,180.00000000,2
80,2025,10,15,7,0,288,420,60,10422.13000000,529.38000000,127.48000000,9765.27000000,0.00000000,0.00000000,629.59000000,9765.27000000,0.00000000,10422.13000000,0.00000000,0.00000000,10422.13000000,0.00000000,1,4,2,1,0.40000000,180.00000000,1,0.40000000,180.00000000,2
81,2025,10,15,8,0,288,480,60,10589.09000000,532.83000000,591.67000000,9464.58000000,0.00000000,0.00000000,629.59000000,9464.58000000,0.00000000,10589.08000000,0.01000000,0.00000000,10589.09000000,0.00000000,2,4,2,2,1.00000000,450.00000000,2,1.00000000,450.00000000,2
82,2025,10,15,9,0,288,540,60,10672.64000000,531.73000000,1112.16000000,9028.75000000,0.00000000,0.00000000,629.59000000,9028.75000000,0.00000000,10672.64000000,0.00000000,0.00000000,10672.64000000,0.00000000,1,4,2,2,1.00000000,450.00000000,2,1.00000000,450.00000000,2
83,2025,10,15,10,0,288,600,60,10654.24000000,525.71000000,1507.17000000,8621.36000000,0.00000000,0.00000000,629.59000000,8621.36000000,0.00000000,10654.24000000,0.00000000,0.00000000,10654.24000000,0.00000000,1,4,2,3,1.60000000,720.00000000,3,1.60000000,720.00000000,2
84,2025,10,15,11,0,288,660,60,10562.08000000,514.73000000,1788.23000000,8966.17000000,0.00000000,707.06000000,1251.80000000,8259.11000000,0.00000000,10562.07000000,0.01000000,0.00000000,10562.08000000,0.00000000,2,4,2,3,1.60000000,720.00000000,3,1.60000000,720.00000000,2
85,2025,10,15,12,0,288,720,60,10449.90000000,499.07000000,1984.02000000,8722.82000000,0.00000000,756.01000000,1917.09000000,7966.81000000,0.00000000,10449.90000000,0.00000000,0.00000000,10449.90000000,0.00000000,1,4,2,2,1.00000000,450.00000000,2,1.00000000,450.00000000,2
86,2025,10,15,13,0,288,780,60,10362.46000000,479.33000000,1951.55000000,8679.46000000,0.00000000,747.89000000,2575.23000000,7931.57000000,0.00000000,10362.45000000,0.01000000,0.00000000,10362.46000000,0.00000000,2,4,2,2,1.00000000,450.00000000,2,1.00000000,450.00000000,2
87,2025,10,15,14,0,288,840,60,10321.16000000,456.42000000,1590.78000000,8931.65000000,0.00000000,657.70000000,3154.00000000,8273.96000000,0.00000000,10321.15000000,0.01000000,0.00000000,10321.16000000,0.00000000,2,4,2,2,1.00000000,450.00000000,2,1.00000000,450.00000000,2
88,2025,10,15,15,0,288,900,60,10337.20000000,431.47000000,1053.71000000,9375.45000000,0.00000000,523.43000000,3614.62000000,8852.02000000,0.00000000,10337.20000000,0.00000000,0.00000000,10337.20000000,0.00000000,1,4,2,2,1.00000000,450.00000000,2,1.00000000,450.00000000,2
89,2025,10,15,16,0,288,960,60,10429.11000000,405.76000000,542.16000000,9481.19000000,0.00000000,0.00000000,3614.62000000,9481.19000000,0.00000000,10429.11000000,0.00000000,0.00000000,10429.11000000,0.00000000,1,4,2,2,1.00000000,450.00000000,2,1.00000000,450.00000000,2
90,2025,10,15,17,0,288,1020,60,10615.15000000,380.66000000,127.48000000,9936.00000000,0.00000000,0.00000000,3614.62000000,10107.01000000,0.00000000,10444.14000000,171.01000000,0.00000000,10615.15000000,0.00000000,2,4,2,3,1.60000000,720.00000000,3,1.60000000,720.00000000,2
91,2025,10,15,18,0,288,1080,60,10874.09000000,357.54000000,0.00000000,9936.00000000,0.00000000,0.00000000,3614.62000000,10516.55000000,0.00000000,10293.54000000,580.55000000,0.00000000,10874.09000000,0.00000000,2,4,2,3,1.60000000,720.00000000,3,1.60000000,720.00000000,2
92,2025,10,15,19,0,288,1140,60,11114.92000000,337.65000000,0.00000000,9577.27000000,1200.00000000,0.00000000,2250.98000000,10777.27000000,0.00000000,11114.92000000,0.00000000,0.00000000,11114.92000000,0.00000000,1,4,2,3,1.60000000,720.00000000,3,1.60000000,720.00000000,2
93,2025,10,15,20,0,288,1200,60,11214.80000000,322.09000000,0.00000000,9692.71000000,1200.00000000,0.00000000,887.35000000,10892.71000000,0.00000000,11214.80000000,0.00000000,0.00000000,11214.80000000,0.00000000,1,4,2,3,1.60000000,720.00000000,3,1.60000000,720.00000000,2
94,2025,10,15,21,0,288,1260,60,11114.90000000,311.69000000,0.00000000,9936.00000000,0.00000000,0.00000000,887.35000000,10803.20000000,0.00000000,10247.69000000,867.21000000,0.00000000,11114.90000000,0.00000000,2,4,2,3,1.60000000,720.00000000,3,1.60000000,720.00000000,2
95,2025,10,15,22,0,288,1320,60,10873.92000000,306.99000000,0.00000000,9936.00000000,0.00000000,0.00000000,887.35000000,10566.93000000,0.00000000,10242.99000000,630.93000000,0.00000000,10873.92000000,0.00000000,2,4,2,1,0.40000000,180.00000000,1,0.40000000,180.00000000,2
96,2025,10,15,23,0,288,1380,60,10614.28000000,308.19000000,0.00000000,9936.00000000,0.00000000,0.00000000,887.35000000,10306.10000000,0.00000000,10244.19000000,370.09000000,0.00000000,10614.28000000,0.00000000,2,4,2,1,0.40000000,180.00000000,1,0.40000000,180.00000000,2
